accX,accY,accZ,Behavior
0.266,0.922,0.156,t
0.264,0.922,0.156,t
0.25,0.922,0.159,t
0.25,0.922,0.172,t
0.25,0.922,0.172,t
0.545,1.074,0.536,t
0.857,1.088,1.119,t
0.966,0.769,0.688,t
1.321,0.225,0.057,t
0.866,0.558,-0.187,t
0.572,0.753,-0.638,t
1.16,0.978,-0.488,t
0.891,1.006,-0.378,t
0.333,0.594,-0.238,t
0.136,0.469,-0.086,t
0.256,1.057,0.109,t
0.165,1.005,0.081,t
0.156,0.953,0.094,t
0.188,0.985,0.094,t
0.203,0.985,0.094,t
-0.047,0.953,0.219,s
-0.047,0.953,0.219,s
-0.047,0.953,0.219,s
-0.047,0.953,0.219,s
-0.047,0.953,0.219,s
-0.047,0.953,0.219,s
-0.047,0.953,0.219,s
-0.047,0.953,0.219,s
-0.047,0.953,0.219,s
-0.047,0.953,0.219,s
-0.047,0.953,0.219,s
-0.047,0.953,0.219,s
-0.047,0.953,0.219,s
-0.047,0.953,0.219,s
-0.047,0.953,0.219,s
-0.047,0.964,0.219,s
-0.047,0.958,0.219,s
-0.035,0.953,0.219,s
-0.031,0.953,0.219,s
-0.044,0.953,0.219,s
0.1138,0.1063,0.9891,l
0.0938,0.1363,0.9791,l
0.0982,0.0894,0.9959,l
0.1019,0.0631,0.9922,l
0.0844,0.0125,1.016,l
0.1044,0.0075,1.0134,l
0.0763,0.0638,1.0097,l
0.0588,0.1826,1.071,l
0.0156,0.125,0.9847,l
0,0.0313,0.9847,l
-0.03,-0.1038,1.0447,l
-0.0313,-0.0375,0.9753,l
-0.0038,0.0788,0.9691,l
-0.0394,-0.2607,0.9953,l
-0.0344,-0.2907,1.0003,l
-0.0431,-0.3407,0.8934,l
-0.0131,-0.2695,0.9384,l
0,-0.3514,0.9159,l
0.01,-0.1663,0.9509,l
0.0531,-0.2188,1.0222,l
-0.0782,-0.0156,0.9065,t
-0.1563,0.1876,1.0628,t
-0.0938,0.0782,0.9534,t
-0.1407,0.1407,0.9378,t
-0.1094,0.1094,0.9847,t
-0.3632,-0.0113,0.9097,t
-0.0013,-1.1948,1.0503,t
-0.1475,0.9309,0.4852,t
0.1038,1.0772,1.0497,t
-0.4439,0.1219,0.8471,t
-0.2732,0.0925,0.4451,t
-0.0369,-0.9578,2.2345,t
-0.0269,0.0438,1.2692,t
0.1432,-0.1213,0.9391,t
0.1563,-0.2751,1.0066,t
0.0063,-0.08,0.919,t
-0.1438,0.0932,0.9372,t
0.0363,0.0331,1.0047,t
0.1544,-0.2257,0.9703,t
-0.0719,-0.2532,0.9065,t
0.0469,-0.2345,0.9378,s
0.0625,-0.2345,0.9534,s
0.0625,-0.2345,0.9222,s
0.0782,-0.2345,0.9534,s
0.0625,-0.2501,0.9378,s
0.0469,-0.2501,0.9378,s
0.0625,-0.2501,0.9378,s
0.0625,-0.2501,0.9378,s
0.0625,-0.2345,0.9534,s
0.0625,-0.2345,0.9378,s
0.0469,-0.2345,0.9222,s
0.0625,-0.2501,0.9378,s
0.0625,-0.2345,0.9222,s
0.0625,-0.2657,0.9222,s
0.0475,-0.2207,0.9522,s
0.0469,-0.2763,0.9247,s
0.0606,-0.2401,0.9497,s
0.0625,-0.2345,0.9403,s
0.0375,-0.2345,0.9378,s
0.055,-0.2582,0.9497,s
-0.0313,0,0.9847,l
-0.0013,-0.03,0.9847,l
-0.0288,-0.0025,0.9991,l
-0.0038,0,1.0003,l
0.0131,0.0394,0.9609,l
0.0406,0.0344,1.016,l
0.0231,-0.0044,0.9722,l
0.0269,-0.0381,0.9759,l
0.0525,-0.015,1.0378,l
0.0525,0,0.9828,l
0.0656,0.0281,0.9753,l
0.0606,-0.1457,0.9391,l
0.0713,-0.1669,0.9234,l
0.0863,-0.0169,0.9759,l
0.0919,0.0156,0.9728,l
0.1157,-0.0094,0.9566,l
0.125,-0.0356,0.9791,l
0.13,-0.0206,0.9591,l
0.1363,-0.0225,0.9378,l
0.1363,-0.0038,0.9453,l
-0.0782,-0.287,0.9222,t
-0.0782,-0.2813,0.9409,t
-0.0782,-0.2901,0.9359,t
-0.0782,-0.297,0.9222,t
-0.0782,-0.297,0.9297,t
-0.3432,-0.9172,1.301,t
-0.6133,-1.3423,1.7062,t
-0.2182,-1.3173,0.6477,t
1.3836,0.4495,-0.834,t
0.1813,0.4376,0.0625,t
-1.1491,-0.7853,0.8253,t
-1.9069,-0.879,1.1347,t
-0.4802,-0.1788,0.5395,t
0.1094,0.2813,0.8128,t
0.2657,0.7971,0.9065,t
-0.0313,0.5783,0.8284,t
-0.0469,0.5471,0.8128,t
-0.0156,0.3908,0.9378,t
-0.0156,0.4376,0.8909,t
-0.0156,0.4376,0.9222,t
0.125,0.3751,0.8909,s
0.125,0.3595,0.9065,s
0.125,0.3595,0.8909,s
0.125,0.3595,0.8909,s
0.125,0.3751,0.8909,s
0.125,0.3595,0.8909,s
0.125,0.3595,0.8909,s
0.1094,0.3751,0.9065,s
0.1244,0.3751,0.8915,s
0.1107,0.3607,0.8765,s
0.1232,0.3595,0.9028,s
0.1382,0.3726,0.8934,s
0.1282,0.3626,0.9034,s
0.1369,0.3595,0.8947,s
0.1294,0.3595,0.9022,s
0.125,0.3807,0.9065,s
0.115,0.3707,0.9065,s
0.1188,0.3782,0.9065,s
0.125,0.3732,0.8978,s
0.125,0.3595,0.8909,s
0.03,-0.5289,0.8153,l
0.045,-0.5314,0.8678,l
0.0469,-0.5445,0.8228,l
0.0469,-0.472,0.8628,l
0.0588,-0.5245,0.8396,l
0.0513,-0.5696,0.8284,l
0.0256,-0.5358,0.8178,l
0.0556,-0.5258,0.8028,l
0.0875,-0.5408,0.844,l
0.0938,-0.5383,0.8578,l
0.0694,-0.5152,0.8359,l
0.0544,-0.5377,0.8284,l
0.0832,-0.5989,0.849,l
0.0844,-0.5877,0.8753,l
0.0413,-0.5539,0.8584,l
0.0313,-0.5889,0.8134,l
0.0313,-0.5608,0.8078,l
0.0275,-0.5158,0.864,l
0.0219,-0.522,0.8253,l
0.0469,-0.5395,0.8153,l
-0.2188,-0.1719,0.9378,t
-0.2032,-0.1563,0.9378,t
-0.2032,-0.1719,0.9222,t
-0.2188,-0.1876,0.9378,t
-0.1888,-0.1726,0.9228,t
-0.1876,-0.1863,0.9365,t
-0.5452,0.1425,1.4192,t
0.0888,-2.6352,0.1325,t
3.5699,0.4783,2.6383,t
-0.3201,1.4267,0.6327,t
-0.1701,-0.1826,0.4789,t
0.1288,0.5477,0.3038,t
-0.1113,0.8678,2.1344,t
-0.1563,0.4908,1.8568,t
-0.0425,0.1494,1.0203,t
0.237,-0.3495,1.0578,t
-0.0588,-0.0932,1.1054,t
-0.1,-0.0531,0.9566,t
-0.0869,-0.1638,0.9528,t
-0.0869,0.0263,1.0178,t
0.1094,-0.2345,0.9222,s
0.1094,-0.2501,0.9378,s
0.125,-0.2345,0.9222,s
0.125,-0.2345,0.9378,s
0.1094,-0.2501,0.9378,s
0.1094,-0.2501,0.9378,s
0.125,-0.2501,0.9378,s
0.125,-0.2345,0.9378,s
0.125,-0.2501,0.9378,s
0.125,-0.2345,0.9222,s
0.125,-0.2345,0.9378,s
0.1094,-0.2345,0.9378,s
0.1094,-0.2501,0.9378,s
0.1094,-0.2501,0.9222,s
0.125,-0.2501,0.9222,s
0.1094,-0.2657,0.9378,s
0.1094,-0.2345,0.9378,s
0.1094,-0.2345,0.9222,s
0.1244,-0.2345,0.9522,s
0.1107,-0.2345,0.9247,s
-0.095,-0.4364,0.8947,l
-0.1094,-0.422,0.9378,l
-0.0938,-0.3751,0.9222,l
-0.1563,-0.5002,0.9534,l
-0.1876,-0.4689,0.8753,l
-0.1876,-0.4064,0.8128,l
-0.2188,-0.4533,0.8909,l
-0.2032,-0.4376,0.8753,l
-0.2188,-0.4533,0.8597,l
-0.2188,-0.5158,0.844,l
-0.2501,-0.5002,0.8753,l
-0.1876,-0.3908,0.7971,l
-0.2657,-0.5158,0.844,l
-0.1876,-0.5158,0.844,l
-0.1876,-0.4845,0.8284,l
-0.2345,-0.5314,0.844,l
-0.2188,-0.5158,0.844,l
-0.2188,-0.5002,0.7659,l
-0.2188,-0.5627,0.8284,l
-0.2188,-0.4845,0.7971,l
-0.2032,0.3439,0.8909,t
-0.2032,0.3439,0.8909,t
-0.2032,0.3439,0.8909,t
-0.2032,0.3439,0.8909,t
-0.2032,0.3439,0.8909,t
-0.1407,0.2813,0.9378,t
-0.2126,0.5064,1.141,t
-0.7221,0.4814,0.8659,t
1.5286,0.0438,0.3782,t
0.4408,0.2938,0.3564,t
-0.9691,1.3442,0.2813,t
-0.8096,0.0938,0.9784,t
-0.4877,-0.1657,1.2504,t
-0.075,0.322,0.9753,t
0.1282,0.8628,0.5502,t
-0.1157,0.4626,0.8284,t
-0.1876,0.3282,0.8909,t
-0.1719,0.3595,0.8597,t
-0.2032,0.3282,0.9065,t
-0.1876,0.3126,0.9065,t
0.0469,-0.1926,0.9534,s
0.0513,-0.1988,0.9578,s
0.055,-0.1876,0.9653,s
0.0344,-0.1907,0.9534,s
0.0494,-0.1982,0.9559,s
0.0606,-0.1738,0.9691,s
0.0469,-0.1876,0.9666,s
0.0469,-0.1876,0.9378,s
0.0782,-0.1876,0.9378,s
0.0469,-0.1876,0.9534,s
0.0625,-0.1876,0.9691,s
0.0469,-0.1876,0.9534,s
0.0469,-0.1876,0.9691,s
0.0782,-0.1876,0.9691,s
0.0313,-0.1876,0.9691,s
0.0469,-0.2032,0.9534,s
0.0469,-0.1719,0.9534,s
0.0469,-0.1876,0.9691,s
0.0625,-0.1876,0.9691,s
0.0469,-0.1876,0.9691,s
0.125,-0.156,0.965,l
0.099,-0.156,0.943,l
0.094,-0.156,0.963,l
0.094,-0.18,0.969,l
0.071,-0.165,0.969,l
0.041,-0.135,0.969,l
0.051,-0.125,0.949,l
0.063,-0.144,0.938,l
0.045,-0.156,0.955,l
0.031,-0.14,0.969,l
0.016,-0.125,0.984,l
-0.014,-0.111,0.987,l
-0.031,-0.106,0.969,l
-0.043,-0.114,0.969,l
-0.063,-0.094,0.969,l
-0.054,-0.094,0.978,l
-0.046,-0.094,1,l
-0.094,-0.1,1,l
-0.099,-0.12,1,l
-0.125,-0.098,0.997,l
0.0938,-0.125,0.9534,t
0.0938,-0.1094,0.9534,t
0.0938,-0.125,0.9691,t
0.1094,-0.1094,0.9534,t
0.1094,-0.1094,0.9691,t
0.1094,-0.125,0.9222,t
0.1719,-0.2501,1.0941,t
-1.266,1.2973,1.5943,t
0.422,1.5161,1.6412,t
-0.3126,1.0472,0.6721,t
0.1719,-0.3751,-0.4533,t
0.0819,-1.4405,0.8672,t
-0.1232,0.3845,1.5836,t
-0.2782,-0.1407,-0.0781,t
0.1363,-0.7202,-0.5227,t
-0.0631,0.1657,0.8503,t
0.0794,0.1507,0.9478,t
0.1125,0.0044,0.9978,t
-0.0063,-0.0406,0.9065,t
0.0613,0.0456,0.9422,t
0.0388,-0.1801,0.9541,s
0.0388,-0.1801,0.9616,s
0.0469,-0.1719,0.9603,s
0.0531,-0.1782,0.9691,s
0.0569,-0.1876,0.9634,s
0.0519,-0.1876,0.9534,s
0.0538,-0.1876,0.9491,s
0.035,-0.1913,0.9416,s
0.0438,-0.2032,0.9534,s
0.0338,-0.2032,0.9534,s
0.0469,-0.1994,0.9534,s
0.0469,-0.1719,0.9547,s
0.0469,-0.1719,0.9691,s
0.0625,-0.1719,0.9378,s
0.0625,-0.1719,0.9691,s
0.0625,-0.1876,0.9378,s
0.0625,-0.2032,0.9534,s
0.0469,-0.1876,0.9534,s
0.0469,-0.1563,0.9691,s
0.0469,-0.1876,0.9534,s
0.0225,0.0888,0.9759,l
0.0156,0.1013,0.9691,l
0.0306,0.0788,0.9766,l
0.0331,0.0694,0.9778,l
0.0156,0.0844,0.9753,l
0.01,0.1107,0.9847,l
0,0.1257,0.9897,l
0.0044,0.0938,1.0003,l
0.0156,0.105,0.9966,l
0.0094,0.1344,0.9847,l
-0.0056,0.1244,0.9797,l
0.0469,0.1938,0.9553,l
0.0469,0.125,0.9716,l
0.0469,0.125,1.0003,l
0.0313,0.1563,0.9847,l
0.0156,0.1563,0.9534,l
0.0625,0.1876,0.9847,l
0.0313,0.1876,0.9534,l
0.0625,0.1719,0.9847,l
0.0625,0.2032,1.016,l
0.0313,-0.0156,0.9691,t
-0.0313,-0.0469,0.9691,t
-0.0625,-0.0156,0.9534,t
-0.1094,0.0469,0.9691,t
-0.0313,0.0782,1.0003,t
1.2035,2.2976,2.2038,t
-1.9225,0.4533,0.5627,t
0.7034,-0.4533,0.6252,t
-1.5474,0.9847,-1.1566,t
0.0782,-0.7034,0.2657,t
0.6408,-0.0313,1.016,t
-0.4533,0.5314,0.8753,t
0.3439,-0.4064,0.1407,t
0.6096,-0.0782,0.6877,t
0.2813,0.0782,0.6252,t
0.422,-0.6096,1.0628,t
-0.1563,0.2813,0.7971,t
0.0469,0.4376,0.8753,t
0.3595,0,1.0003,t
0.2188,-0.1407,1.0316,t
-0.1094,-0.0313,0.9691,s
-0.125,0,0.9847,s
-0.125,-0.0313,1.0003,s
-0.125,-0.0313,0.9691,s
-0.125,-0.0156,0.9847,s
-0.125,-0.0156,0.9691,s
-0.1094,0,0.9847,s
-0.1407,-0.0313,0.9847,s
-0.125,-0.0156,0.9847,s
-0.125,-0.0156,0.9691,s
-0.125,-0.0156,0.9847,s
-0.1094,-0.0156,1.0003,s
-0.1094,-0.0313,0.9847,s
-0.1407,-0.0156,1.0003,s
-0.125,-0.0156,0.9847,s
-0.125,-0.0156,0.9847,s
-0.125,-0.0156,0.9703,s
-0.125,-0.0156,0.9691,s
-0.1382,-0.0156,0.9953,s
-0.1282,-0.0156,0.9753,s
-0.0938,0.2501,0.9534,l
0.0313,0.1719,1.0003,l
-0.1876,0.3282,0.9378,l
-0.0782,0.125,0.9222,l
-0.0625,0.2188,0.9691,l
-0.2188,0.297,1.0472,l
-0.4064,0.5627,1.0941,l
0.0782,0.0156,0.9847,l
-0.0782,0.0782,0.8909,l
-0.0469,0.0156,0.8909,l
0.125,-0.125,1.0003,l
0.0782,0,1.0316,l
-0.0782,0.1563,1.0628,l
-0.0313,0.1407,0.9691,l
0,0.0625,1.0628,l
0.0156,-0.0156,1.0003,l
0,-0.0313,0.9691,l
0,-0.0313,1.0003,l
0.0469,-0.1876,1.0316,l
-0.0131,0.0225,1.0166,l
-0.1876,0.4064,0.8753,t
-0.1876,0.4064,0.8753,t
-0.1563,0.4064,0.8909,t
-0.1719,0.4064,0.8753,t
-0.1094,0.4376,0.9691,t
0,0.1563,1.141,t
0.422,0.7971,1.2191,t
-0.3732,2.4477,0.9941,t
-0.0325,-1.0928,0.9416,t
0.2201,0.1063,0.649,t
-0.0256,0.2338,0.9772,t
-0.1032,0.3314,0.9722,t
-0.0025,0.11,1.2029,t
-0.0475,0.3464,1.0228,t
0.0175,0.1819,0.7415,t
0.0125,0.237,0.7665,t
0.0031,0.5314,0.819,t
-0.0544,0.5952,0.8215,t
-0.1013,0.5308,0.8284,t
-0.1088,0.4933,0.9034,t
-0.125,-0.0156,0.9847,s
-0.125,0,0.9691,s
-0.1407,-0.0156,0.9691,s
-0.125,-0.0313,0.9691,s
-0.125,-0.0313,0.9847,s
-0.1407,-0.0156,0.9847,s
-0.1407,-0.0156,1.0003,s
-0.125,-0.0313,0.9847,s
-0.1407,-0.0156,0.9691,s
-0.125,-0.0313,0.9534,s
-0.125,-0.0156,0.9691,s
-0.125,-0.0156,0.9691,s
-0.125,0,0.9691,s
-0.125,-0.0156,0.9691,s
-0.125,-0.0156,0.9847,s
-0.14,-0.0156,0.9847,s
-0.1407,-0.0156,0.9703,s
-0.1269,-0.0156,0.9691,s
-0.1119,-0.0156,0.9822,s
-0.1219,-0.0156,0.9847,s
0.1407,-0.5002,0.7815,l
0.125,-0.4845,0.7659,l
0.125,-0.5158,0.8128,l
0.1407,-0.5314,0.8128,l
0.1094,-0.4845,0.7815,l
0.1394,-0.5145,0.8115,l
0.1694,-0.4295,0.7984,l
0.1307,-0.4633,0.8109,l
0.125,-0.5083,0.7996,l
0.125,-0.4783,0.8221,l
0.125,-0.4808,0.8046,l
0.1475,-0.4958,0.7971,l
0.1457,-0.5002,0.7971,l
0.1507,-0.4802,0.8271,l
0.1469,-0.497,0.8065,l
0.1494,-0.4808,0.7815,l
0.1482,-0.4614,0.7896,l
0.1557,-0.4614,0.7971,l
0.1719,-0.467,0.7971,l
0.1782,-0.4845,0.8034,l
0.2032,-0.5627,1.4067,t
-0.1563,0.2813,0.5627,t
-1.1723,0.9378,0.7971,t
0.8128,-0.6565,0.844,t
0.5939,0.2813,1.6412,t
-0.2501,0.0313,-0.0782,t
-1.2554,0.5864,1.0922,t
-0.4633,0.0488,0.9684,t
-0.487,0.3576,0.6783,t
-0.08,0.2751,1.0872,t
0.3751,0.0625,1.0972,t
0.1482,6.0738,-0.7152,t
-0.392,1.8087,0.3051,t
-0.669,-0.0731,0.8478,t
-0.5589,0.2219,0.7327,t
-0.3657,0.3063,0.8003,t
-0.2357,0.3439,0.9015,t
0.0807,0.4739,0.9384,t
0.0581,0.3314,0.9384,t
-0.2482,0.0606,0.9497,t
-0.2657,0.3126,0.8753,s
-0.2813,0.3126,0.8909,s
-0.2501,0.297,0.9065,s
-0.2501,0.3126,0.9065,s
-0.2501,0.3126,0.8909,s
-0.2657,0.3126,0.9065,s
-0.2657,0.297,0.9222,s
-0.2501,0.3126,0.9065,s
-0.2657,0.3126,0.8909,s
-0.2507,0.3126,0.9059,s
-0.2645,0.327,0.9065,s
-0.252,0.3145,0.9065,s
-0.2632,0.3126,0.9065,s
-0.2657,0.3126,0.894,s
-0.2776,0.3126,0.9028,s
-0.2701,0.3013,0.9065,s
-0.2551,0.297,0.9065,s
-0.2501,0.307,0.8965,s
-0.2595,0.3032,0.8909,s
-0.2657,0.3057,0.9084,s
0.2345,-0.5002,0.7346,l
0.2501,-0.5002,0.7659,l
0.2501,-0.5158,0.7502,l
0.2501,-0.4845,0.7815,l
0.2657,-0.422,0.7502,l
0.2657,-0.4689,0.7659,l
0.2345,-0.4376,0.7971,l
0.2188,-0.4689,0.8128,l
0.1876,-0.4845,0.8284,l
0.2032,-0.4845,0.7971,l
0.2032,-0.3908,0.7815,l
0.2188,-0.4064,0.844,l
0.1876,-0.4533,0.8128,l
0.1876,-0.3908,0.8128,l
0.1876,-0.4064,0.8128,l
0.1719,-0.4376,0.8284,l
0.1719,-0.4376,0.8284,l
0.125,-0.422,0.8128,l
0.125,-0.4689,0.8284,l
0.125,-0.4376,0.844,l
-0.0469,-0.2501,0.9378,t
-0.0625,-0.2501,0.9222,t
-0.0782,-0.2501,0.9222,t
-0.0782,-0.2345,0.9222,t
-0.0625,-0.2501,0.9222,t
-0.0782,-0.2501,0.9222,t
0.0938,-0.4533,1.0003,t
0.0625,0.3908,1.3286,t
0.1563,1.0472,1.2035,t
0.8597,-0.0313,1.0785,t
-0.1719,-1.016,0.1407,t
-0.0625,-0.844,-0.3439,t
-0.5002,-0.9378,0.6096,t
0.4064,-0.0313,1.1097,t
-0.1563,-0.125,0.6408,t
-0.0782,-0.3126,0.8909,t
0.0156,-0.1407,0.9378,t
0,-0.2188,0.9065,t
0.0156,-0.1876,0.9691,t
0.0006,-0.2326,0.9541,t
-0.2657,0.297,0.9065,s
-0.2501,0.3282,0.8909,s
-0.2657,0.3126,0.8909,s
-0.2657,0.3126,0.9065,s
-0.2501,0.3126,0.9222,s
-0.2501,0.3126,0.9072,s
-0.2788,0.3126,0.8922,s
-0.2676,0.2988,0.9047,s
-0.2657,0.3101,0.9065,s
-0.2657,0.3126,0.9065,s
-0.2657,0.3126,0.9184,s
-0.2545,0.3013,0.9109,s
-0.2501,0.297,0.9065,s
-0.2501,0.307,0.9065,s
-0.2501,0.3032,0.9065,s
-0.2676,0.3145,0.9153,s
-0.2732,0.3201,0.914,s
-0.2732,0.3126,0.9065,s
-0.2676,0.3126,0.9065,s
-0.2563,0.3126,0.9065,s
0.1094,0.1719,0.9378,l
0.1407,0.125,0.9847,l
0.0938,0.0782,0.9534,l
0.125,0.1094,0.9847,l
0.1094,0.0782,1.0316,l
0.125,0.0625,0.9534,l
0.095,0.0775,0.9834,l
0.0938,0.1213,0.9847,l
0.1075,0.0975,0.9847,l
0.07,0.0675,0.9847,l
0.075,0.1125,0.9972,l
0.09,0.1132,0.9766,l
0.0825,0.0982,0.9916,l
0.0994,0.115,1.0003,l
0.0994,0.125,0.9703,l
0.0938,0.125,0.9816,l
0.0938,0.1075,0.9741,l
0.1019,0.11,0.9778,l
0.1244,0.11,0.9853,l
0.1338,0.1007,0.9759,l
0.1407,0.0938,0.9847,t
0.0469,0.0625,0.9378,t
0.0156,0.1563,0.9378,t
0.0313,0.2032,0.9378,t
0.0313,0.2188,0.9534,t
0.0782,0.1563,1.3129,t
0.5314,1.2191,0.8597,t
1.5474,2.1413,2.282,t
-0.7502,-0.0156,0.125,t
-0.3126,-0.4689,1.1254,t
-0.3439,-0.0625,0.5783,t
-0.4376,0.3595,0.2032,t
-0.1563,0.719,0.6565,t
-0.2188,-0.0313,1.5786,t
0.2813,0.5471,0.7659,t
0,0.2813,0.9065,t
0.0313,0.3282,0.9691,t
0.0313,0.297,0.9378,t
0.0156,0.3126,0.9534,t
0.0156,0.2976,0.9534,t
0.0782,-0.2813,0.9378,s
0.0938,-0.2657,0.9222,s
0.0625,-0.2657,0.9378,s
0.0782,-0.2657,0.9222,s
0.0782,-0.2813,0.9378,s
0.0938,-0.2813,0.9222,s
0.0782,-0.2813,0.9378,s
0.0938,-0.2657,0.9222,s
0.0782,-0.2813,0.9222,s
0.0782,-0.297,0.9222,s
0.0938,-0.2657,0.9222,s
0.0782,-0.2813,0.9222,s
0.0625,-0.2657,0.9378,s
0.0625,-0.2657,0.9222,s
0.0782,-0.2657,0.9378,s
0.0938,-0.2657,0.9534,s
0.0782,-0.2813,0.9222,s
0.0938,-0.2501,0.9222,s
0.0782,-0.2657,0.9378,s
0.0782,-0.2657,0.9378,s
0.2588,0.0069,0.9378,l
0.2576,-0.0163,0.9378,l
0.2501,-0.0238,0.9453,l
0.2432,-0.0156,0.9534,l
0.2407,-0.0156,0.9472,l
0.2501,-0.0156,0.9434,l
0.2501,-0.0006,0.9484,l
0.2457,0.0225,0.9378,l
0.242,0.0038,0.9378,l
0.2626,0.0156,0.9409,l
0.2501,0.0081,0.9534,l
0.2501,-0.0294,0.9553,l
0.2476,-0.0169,0.9678,l
0.2188,-0.0313,0.9534,l
0.2345,0,0.9378,l
0.2501,0,0.9534,l
0.2345,0.0156,0.9378,l
0.2188,-0.0156,0.9691,l
0.2501,0.0156,0.9534,l
0.2345,0.0156,0.9691,l
-0.3814,0.347,0.8471,t
-0.387,0.3557,0.844,t
-0.3795,0.3595,0.8553,t
-0.3857,0.3595,0.849,t
-0.3807,0.3595,0.844,t
0.1344,0.5314,0.8346,t
-0.1375,-0.2113,1.5324,t
-0.2126,-0.2363,0.9372,t
-0.2745,-0.8753,0.1644,t
0.0294,0.1113,1.016,t
0.6189,0.3751,1.3348,t
-1.1616,-0.3801,0.8922,t
-1.0453,-0.7665,3.7449,t
-0.055,-3.1473,-0.5477,t
-0.6877,-0.1563,0.7034,t
-0.1719,0.2032,0.9534,t
-0.0313,0.2032,0.9534,t
-0.0313,0.2188,1.0316,t
0.0313,0.297,0.9691,t
0.0469,0.2813,0.9222,t
0.0469,-0.2345,0.9534,s
0.0469,-0.2501,0.9222,s
0.0625,-0.2345,0.9378,s
0.0625,-0.2501,0.9534,s
0.0625,-0.2501,0.9378,s
0.0625,-0.2501,0.9378,s
0.0782,-0.2345,0.9378,s
0.0782,-0.2501,0.9534,s
0.0625,-0.2501,0.9222,s
0.0938,-0.2657,0.9534,s
0.0625,-0.2501,0.9378,s
0.0782,-0.2345,0.9534,s
0.0782,-0.2501,0.9534,s
0.0782,-0.2345,0.9222,s
0.0625,-0.2501,0.9378,s
0.0782,-0.2657,0.9378,s
0.0782,-0.2501,0.9378,s
0.0625,-0.2501,0.9378,s
0.0469,-0.2657,0.9378,s
0.0782,-0.2501,0.9378,s
-0.2345,0.1563,0.9566,l
-0.2345,0.1563,0.9691,l
-0.2363,0.1544,0.9653,l
-0.2476,0.1432,0.9365,l
-0.2188,0.1719,0.9222,l
-0.1719,0.2501,1.0003,l
-0.1869,0.2201,0.9853,l
-0.2019,0.1757,0.9847,l
-0.1894,0.2132,0.9709,l
-0.1482,0.2319,0.9691,l
-0.1657,0.247,0.9566,l
-0.1601,0.2501,0.9772,l
-0.1788,0.2163,0.9509,l
-0.1876,0.2032,0.9909,l
-0.2176,0.1732,0.9659,l
-0.2063,0.1751,0.9659,l
-0.1701,0.1963,0.9847,l
-0.1563,0.2276,0.9522,l
-0.1788,0.2126,0.9372,l
-0.1894,0.1651,0.9534,l
0.1094,-0.5471,0.7971,t
0.1094,-0.5471,0.7815,t
0.125,-0.5471,0.7815,t
0.125,-0.5627,0.7971,t
0.125,-0.5627,0.7971,t
0.0156,-0.5471,0.7971,t
0.0313,-0.6877,0.8128,t
0.3195,-0.699,1.0285,t
0.0656,-0.5802,0.5483,t
-0.3851,-0.4426,0.2219,t
0.13,-0.6315,0.4295,t
0.7596,-0.9253,0.8315,t
0.5133,-1.2266,0.9391,t
0.367,-0.9097,0.7871,t
0.2857,-0.8171,0.6308,t
0.2251,-0.669,0.7002,t
0.2345,-0.634,0.719,t
0.2345,-0.6102,0.719,t
0.2507,-0.5939,0.7352,t
0.257,-0.5852,0.759,t
-0.125,0.2345,0.9222,s
-0.1163,0.2345,0.9222,s
-0.1188,0.2345,0.9222,s
-0.125,0.2445,0.9222,s
-0.1357,0.2395,0.9222,s
-0.1294,0.2345,0.9222,s
-0.125,0.2345,0.934,s
-0.1375,0.2345,0.9253,s
-0.1407,0.2345,0.9222,s
-0.1407,0.2345,0.9359,s
-0.1407,0.2201,0.9234,s
-0.125,0.2188,0.9222,s
-0.1407,0.2345,0.9222,s
-0.1407,0.2345,0.9065,s
-0.125,0.2345,0.9065,s
-0.125,0.2345,0.8909,s
-0.125,0.2345,0.9065,s
-0.125,0.2345,0.9065,s
-0.125,0.2345,0.9065,s
-0.125,0.2345,0.9065,s
-0.1876,0.0775,0.9534,l
-0.1876,0.0638,0.9822,l
-0.1601,0.09,0.9984,l
-0.1563,0.0807,0.9872,l
-0.1563,0.0531,0.9722,l
-0.1682,0.0588,0.9809,l
-0.1832,0.04,0.9622,l
-0.1663,0.0525,0.9747,l
-0.1563,0.0725,0.9947,l
-0.1657,0.05,1.0097,l
-0.1719,0.0488,1.0072,l
-0.1719,0.0544,1.0003,l
-0.1644,0.0619,0.9853,l
-0.1563,0.0782,0.9622,l
-0.1626,0.0907,0.9597,l
-0.155,0.115,0.9578,l
-0.13,0.105,0.9778,l
-0.1407,0.0538,1.0585,l
-0.1444,0.0463,1.036,l
-0.1563,0.0938,1.0003,l
0.1088,-0.2482,0.8672,t
0.06,-0.3457,0.9159,t
0.07,-0.3995,0.9184,t
0.125,-0.4064,0.8815,t
0.095,-0.4264,0.8153,t
0.0782,-0.512,0.739,t
0.2019,-0.6596,0.6852,t
0.3689,-1.8556,0.5177,t
0.9566,-3.6574,0.844,t
2.1313,-0.0782,-0.0469,t
1.9713,2.2951,-0.0832,t
1.2466,0.8628,-0.4651,t
0.2501,-0.2501,0.1094,t
-0.0156,-0.1719,0.4064,t
-1.0628,-0.4064,0.2657,t
-0.0156,0.0625,0.2657,t
0.0782,0.5158,0.9222,t
0.3751,0.1876,1.141,t
0.3595,0.2501,1.1723,t
0.2188,0.0313,1.266,t
-0.1119,0.2319,0.9222,s
-0.125,0.2219,0.9222,s
-0.125,0.2345,0.9222,s
-0.125,0.2301,0.9222,s
-0.125,0.2238,0.9222,s
-0.1307,0.2345,0.9222,s
-0.1344,0.2282,0.9222,s
-0.125,0.2257,0.9153,s
-0.125,0.2345,0.9065,s
-0.125,0.2345,0.9147,s
-0.1163,0.2345,0.9134,s
-0.1188,0.2345,0.9065,s
-0.125,0.2244,0.9065,s
-0.125,0.2188,0.9065,s
-0.125,0.2076,0.9065,s
-0.1369,0.2151,0.9065,s
-0.1407,0.2188,0.919,s
-0.1275,0.2319,0.9222,s
-0.125,0.2345,0.9084,s
-0.125,0.2201,0.9209,s
0,0.4064,0.9222,l
-0.0313,0.3751,0.9222,l
-0.0156,0.3439,0.9691,l
-0.0306,0.3589,0.9691,l
-0.06,0.3882,0.9115,l
-0.0213,0.3908,0.9478,l
-0.0156,0.3514,0.9272,l
-0.0156,0.3689,0.9097,l
-0.0038,0.3989,0.9422,l
-0.0113,0.4064,0.9422,l
-0.005,0.3745,0.9272,l
0,0.3495,0.9122,l
0.0094,0.3814,0.9159,l
0.0069,0.3976,0.9222,l
-0.0081,0.3908,0.914,l
-0.0081,0.4283,0.9215,l
-0.0138,0.4483,0.924,l
-0.025,0.4095,0.9065,l
0.0069,0.3908,0.9178,l
0.0269,0.3807,0.9328,l
-0.1719,-0.2188,0.9847,t
-0.125,-0.1719,1.0472,t
-0.1719,-0.297,0.9534,t
-0.2032,-0.3439,0.8128,t
-0.2657,-0.2813,0.8284,t
-0.1563,-0.2032,1.0472,t
-0.4376,-0.4064,0.7502,t
-0.5471,0.8753,2.0163,t
0.2813,0.4533,1.266,t
1.1723,-0.3282,-0.6408,t
1.2191,-0.5158,-0.6721,t
1.1254,-0.1719,1.016,t
0.2188,-0.297,1.3286,t
-0.1407,-0.2188,0.7034,t
0.2657,-0.8909,0.1563,t
0.1407,-0.8284,0.3751,t
0.0938,-0.2032,0.9065,t
0.1876,-0.0938,0.9222,t
0.1719,-0.2657,0.8597,t
0.1563,-0.4533,0.9847,t
0.1094,0.3595,0.8909,s
0.1407,0.3439,0.8909,s
0.125,0.3595,0.8909,s
0.1407,0.3751,0.9065,s
0.125,0.3595,0.8753,s
0.125,0.3751,0.8909,s
0.125,0.3439,0.9065,s
0.125,0.3751,0.8909,s
0.1407,0.3595,0.9222,s
0.125,0.3595,0.8753,s
0.125,0.3751,0.8909,s
0.1094,0.3751,0.8909,s
0.1094,0.3751,0.9222,s
0.125,0.3595,0.9065,s
0.1407,0.3595,0.8753,s
0.1094,0.3595,0.8909,s
0.1094,0.3595,0.8909,s
0.125,0.3595,0.8909,s
0.1094,0.3751,0.8909,s
0.1244,0.3601,0.8759,s
-0.0938,0.3439,0.9222,l
-0.1094,0.4376,0.9378,l
-0.1094,0.4533,0.9378,l
-0.1719,0.422,0.8909,l
-0.1563,0.3751,0.8909,l
-0.125,0.3282,1.0003,l
-0.125,0.2657,0.9534,l
-0.1094,0.2813,0.9065,l
-0.125,0.3439,0.9378,l
-0.0938,0.4064,0.9222,l
-0.125,0.4533,0.8909,l
-0.1094,0.4533,0.8597,l
-0.0469,0.4845,0.9065,l
-0.0625,0.4376,0.9222,l
-0.0625,0.3908,0.9534,l
-0.0156,0.3595,0.9378,l
-0.0156,0.3126,0.9222,l
-0.0156,0.3439,0.9534,l
-0.0313,0.3282,0.9065,l
0.0313,0.3751,0.9222,l
-0.0782,-0.6252,0.7502,t
-0.0625,-0.6252,0.7346,t
-0.0469,-0.6408,0.7502,t
-0.0782,-0.6408,0.7346,t
-0.0625,-0.5939,0.719,t
-0.0782,-0.5783,0.7971,t
-0.0782,-0.6252,0.7815,t
-1.5161,0.8753,2.1257,t
-0.4845,-0.1719,0.0938,t
-0.0156,-0.0938,0.3908,t
0.1876,-0.1876,0.7502,t
0.2032,-0.5314,1.0472,t
-0.3126,-0.5471,0.6721,t
0.7971,-0.5471,1.0472,t
-0.0469,-0.1719,0.9534,t
-0.5471,-0.3595,1.0628,t
0.2813,-0.2813,1.0472,t
0.1719,-0.2188,0.7346,t
0.2032,-0.3751,0.844,t
0.2032,-0.2188,0.9534,t
0.0625,0.3451,0.9209,s
0.0625,0.3595,0.9065,s
0.0782,0.3595,0.9065,s
0.0625,0.3595,0.9222,s
0.0782,0.3595,0.8909,s
0.0625,0.3595,0.9222,s
0.0625,0.3439,0.8909,s
0.0625,0.3439,0.9222,s
0.0625,0.3595,0.9065,s
0.0625,0.3439,0.9065,s
0.0625,0.3282,0.9222,s
0.0625,0.3595,0.9222,s
0.0625,0.3282,0.9222,s
0.0625,0.3439,0.9222,s
0.0625,0.3439,0.9222,s
0.0625,0.3439,0.9222,s
0.0469,0.3282,0.9222,s
0.0313,0.3282,0.9065,s
0.0469,0.3282,0.9222,s
0.0625,0.3282,0.9065,s
-0.3439,-0.3908,0.844,l
-0.3595,-0.4064,0.7815,l
-0.3595,-0.4376,0.844,l
-0.3908,-0.422,0.7815,l
-0.3439,-0.422,0.7971,l
-0.4376,-0.4376,0.7502,l
-0.3595,-0.4376,0.7815,l
-0.3908,-0.3908,0.844,l
-0.4064,-0.4064,0.7815,l
-0.4064,-0.3908,0.8128,l
-0.4376,-0.4376,0.7659,l
-0.422,-0.4376,0.7815,l
-0.4376,-0.4064,0.7815,l
-0.422,-0.3908,0.7659,l
-0.4376,-0.4689,0.7815,l
-0.4064,-0.4533,0.7659,l
-0.3751,-0.4064,0.7815,l
-0.4376,-0.4845,0.7815,l
-0.3751,-0.4533,0.7502,l
-0.3908,-0.5158,0.7346,l
0,-0.1719,0.9534,t
0,-0.1563,0.9534,t
0,-0.1407,0.9534,t
0,-0.1563,0.9534,t
0,-0.1563,0.9534,t
0,-0.1563,0.9534,t
-0.0156,-0.1563,0.9534,t
0.1094,0.1407,1.4849,t
-0.7971,0.6565,0.8753,t
-0.1407,0.3908,0.0469,t
-0.0938,-0.1876,0.4845,t
0,0.5627,-0.0156,t
-0.2345,0.125,0.719,t
-0.125,-0.0625,0.6408,t
-0.0469,-0.1563,1.0316,t
-0.1407,-0.1876,0.9378,t
-0.1407,-0.1719,1.0003,t
-0.125,-0.1407,0.8284,t
-0.0313,-0.1407,0.9534,t
-0.0782,-0.2032,0.9691,t
-0.016,0.953,0.188,s
-0.031,0.953,0.188,s
-0.016,0.969,0.188,s
-0.016,0.969,0.188,s
-0.016,0.969,0.188,s
-0.016,0.969,0.188,s
-0.031,0.969,0.172,s
-0.016,0.969,0.172,s
-0.016,0.969,0.172,s
-0.016,0.969,0.188,s
-0.016,0.969,0.172,s
-0.016,0.969,0.172,s
-0.016,0.969,0.172,s
-0.016,0.969,0.172,s
-0.016,0.969,0.172,s
-0.016,0.969,0.172,s
-0.016,0.969,0.172,s
-0.016,0.969,0.172,s
-0.016,0.969,0.172,s
-0.016,0.969,0.172,s
0.0563,-0.4814,0.7752,l
0.0413,-0.4589,0.7771,l
0.0313,-0.4789,0.8071,l
0.0225,-0.522,0.8284,l
0.0113,-0.5521,0.8209,l
0.0375,-0.4658,0.8034,l
-0.005,-0.4683,0.8234,l
-0.0238,-0.5395,0.8009,l
0.0288,-0.482,0.8284,l
0,-0.4533,0.8284,l
-0.0156,-0.4845,0.7815,l
-0.0156,-0.4845,0.7815,l
-0.0156,-0.4845,0.7815,l
-0.0156,-0.4845,0.7815,l
-0.0156,-0.4845,0.7815,l
-0.0156,-0.4845,0.7815,l
-0.0156,-0.4845,0.7815,l
-0.0156,-0.4845,0.7815,l
-0.0156,-0.4845,0.7815,l
-0.0156,-0.4845,0.7815,l
0.0469,-0.5314,0.8128,t
0.0625,-0.5471,0.8128,t
0.0469,-0.5471,0.8128,t
0.0469,-0.5314,0.8128,t
0.0313,-0.5471,0.7971,t
0.0469,-0.5314,0.8128,t
0,-0.5314,0.7971,t
-1.4067,0.0782,0.9847,t
-0.3126,-0.1876,1.8756,t
0.5783,0.2813,2.0475,t
0.422,0.5314,0.7659,t
0.2501,0.2345,1.1254,t
0.1094,-0.0938,1.1097,t
0.1407,-0.2188,1.0941,t
0.0469,0,1.016,t
0,0.0625,0.9847,t
0.0469,0.0625,0.9534,t
-0.0469,0.0469,0.9691,t
-0.0469,0.0469,0.9378,t
-0.0469,0.0938,0.8909,t
0,0.969,0.141,s
0,0.969,0.141,s
0,0.969,0.141,s
-0.014,0.969,0.141,s
-0.016,0.969,0.126,s
-0.016,0.969,0.125,s
-0.016,0.969,0.141,s
-0.016,0.969,0.141,s
-0.016,0.969,0.141,s
-0.016,0.969,0.141,s
-0.016,0.969,0.141,s
-0.016,0.969,0.141,s
-0.016,0.969,0.141,s
-0.016,0.969,0.141,s
-0.016,0.969,0.141,s
-0.016,0.969,0.141,s
-0.016,0.969,0.141,s
-0.016,0.969,0.141,s
-0.016,0.969,0.141,s
-0.016,0.969,0.141,s
0.2501,0.2345,0.8909,l
0.2501,0.2188,0.8909,l
0.2813,0.1719,0.8909,l
0.2657,0.1563,0.8909,l
0.297,0.1563,0.8909,l
0.2657,0.1876,0.8909,l
0.297,0.1563,0.9065,l
0.2813,0.1719,0.8909,l
0.2813,0.2032,0.8909,l
0.297,0.2188,0.8753,l
0.2813,0.1876,0.8128,l
0.297,0.1876,0.8909,l
0.297,0.1719,0.8753,l
0.297,0.1563,0.9065,l
0.2813,0.1563,0.8753,l
0.2813,0.1719,0.8909,l
0.2813,0.2032,0.8909,l
0.297,0.1876,0.8909,l
0.2657,0.1563,0.8753,l
0.2657,0.1719,0.9378,l
-0.1876,0,0.9378,t
-0.1876,0.0156,0.9378,t
-0.1876,0.0156,0.9528,t
-0.1876,0.0156,0.9391,t
-0.1876,0.0156,0.9516,t
-0.1876,0.0181,0.9378,t
-0.2001,0.0281,0.9409,t
-0.1375,0.2595,1.0847,t
0.2582,1.1848,1.553,t
0.2395,1.2735,1.658,t
-0.0606,0.5014,1.5099,t
-0.1157,0.2938,1.1723,t
0.0181,0.2645,0.9941,t
0.0356,0.1057,1.0653,t
-0.1269,0.13,0.854,t
-0.1557,-0.1357,0.9422,t
-0.1032,-0.0844,0.9659,t
-0.12,-0.0519,0.9822,t
-0.1113,-0.0194,0.9847,t
-0.1094,-0.0588,0.9703,t
0,-0.0469,0.9566,s
0,-0.0469,0.9603,s
0,-0.0313,0.9691,s
0.0113,-0.0425,0.9578,s
0,-0.0469,0.9691,s
0,-0.0469,0.9691,s
0,-0.0469,0.9691,s
0,-0.0469,0.9691,s
0,-0.0469,0.9691,s
0,-0.0469,0.9691,s
0,-0.0313,0.9691,s
0,-0.0469,0.9691,s
0,-0.0313,0.9691,s
0,-0.0313,0.9691,s
0,-0.0313,0.9534,s
0,-0.0469,0.9534,s
0,-0.0469,0.9534,s
0,-0.0469,0.9534,s
0,-0.0313,0.9534,s
0,-0.0469,0.9534,s
0.0469,0.0625,0.9691,l
0.0469,0.0782,0.9847,l
0.0313,0.0625,0.9534,l
0.0156,0.125,0.9847,l
0,0.1407,0.9534,l
0,0.1563,0.9534,l
-0.0156,0.1094,0.9847,l
-0.0156,0.125,0.9534,l
-0.0156,0.1407,0.9691,l
-0.0156,0.125,0.9534,l
-0.0313,0.125,0.9534,l
-0.0469,0.1719,0.9378,l
-0.0156,0.1719,0.9691,l
-0.0469,0.1563,0.9691,l
-0.0313,0.1719,0.9691,l
-0.0313,0.1876,0.9534,l
-0.0313,0.1719,0.9378,l
-0.0625,0.1719,0.9222,l
-0.0469,0.1563,0.9691,l
-0.0469,0.1719,0.9378,l
0.1407,0.0938,0.9378,t
0.1407,0.0938,0.9378,t
0.1407,0.0938,0.9378,t
0.1407,0.0938,0.9378,t
0.1425,0.0957,0.9378,t
0.1538,0.1119,0.9353,t
0.1157,0.3126,0.9128,t
-0.1232,1.1004,0.7627,t
-0.252,0.9916,0.4633,t
0.5571,-0.0438,0.4395,t
0.2126,-0.7865,0.4158,t
-0.3126,-0.0875,1.091,t
-0.2351,0.3289,1.0797,t
-0.3601,0.2651,0.8997,t
-0.1325,0.2082,0.8915,t
0.01,0.1057,0.924,t
-0.0031,0.0969,0.9566,t
0.0456,0.1294,0.9591,t
0.0838,0.1088,0.9641,t
0.0938,0.0938,0.9578,t
0.0156,-0.0469,0.9691,s
0.0156,-0.0469,0.9534,s
0.0156,-0.0469,0.9534,s
0,-0.0469,0.9534,s
0,-0.0469,0.9534,s
0,-0.0469,0.9691,s
0,-0.0469,0.9691,s
0,-0.0313,0.9691,s
0,-0.0469,0.9534,s
0,-0.0469,0.9534,s
0,-0.0469,0.9534,s
0,-0.0469,0.9691,s
0.0156,-0.0313,0.9691,s
0.0156,-0.0469,0.9534,s
0.0156,-0.0313,0.9534,s
0.0156,-0.0313,0.9534,s
0,-0.0469,0.9691,s
0.0156,-0.0313,0.9534,s
0,-0.0469,0.9534,s
0,-0.0313,0.9691,s
-1.0503,0.247,0.0406,l
-1.026,0.2882,-0.0344,l
-1.0109,0.2982,0.0056,l
-1.031,0.2388,0.0238,l
-1.1172,0.2351,0.1063,l
-1.1691,0.2032,0.0375,l
-1.2967,0.2382,0.055,l
-1.3661,0.09,0.3345,l
-1.281,0.0713,0.257,l
-1.0941,0.1719,0.1563,l
-1.1879,0.2345,0.1407,l
-1.0472,0.2657,0.2501,l
-0.9378,0.1407,0.2345,l
-0.9378,0.1407,0.2813,l
-1.141,0.2032,0.3126,l
-1.0316,0.1094,0.3439,l
-1.0628,0.1407,0.3282,l
-0.9534,0.1094,0.1563,l
-0.8284,0.1876,0.2188,l
-0.8128,0.0625,0.1563,l
-0.0156,-0.3126,0.8909,t
-0.0156,-0.297,0.8909,t
-0.0156,-0.3126,0.9065,t
-0.0313,-0.3439,0.8909,t
-0.0625,-0.3908,0.9378,t
-0.0625,-0.422,0.9222,t
-0.0938,-0.4533,0.8909,t
-0.3439,-1.4067,0.6252,t
-0.3126,0.4376,-0.125,t
-0.1407,0.297,0.0625,t
-0.0782,0.1094,1.1254,t
0.2188,0,1.2973,t
0.0313,-0.0625,1.0316,t
0.0782,-0.0469,0.9847,t
0.1094,0,1.0003,t
0.0469,-0.0625,0.9847,t
0.0625,-0.1719,0.9065,t
0.0156,-0.1563,1.0003,t
0.0156,-0.1876,0.9222,t
-0.0156,-0.2501,0.8597,t
-0.0625,-0.1407,0.9534,s
-0.0625,-0.1407,0.9559,s
-0.0625,-0.1407,0.9659,s
-0.0588,-0.1407,0.9572,s
-0.0469,-0.1407,0.9691,s
-0.0519,-0.1407,0.9641,s
-0.0569,-0.1407,0.9534,s
-0.0469,-0.1407,0.9534,s
-0.0469,-0.1407,0.9534,s
-0.0544,-0.1407,0.9609,s
-0.0625,-0.1488,0.9609,s
-0.0625,-0.1475,0.9534,s
-0.0625,-0.15,0.9534,s
-0.0525,-0.1563,0.9434,s
-0.0575,-0.1563,0.9484,s
-0.0625,-0.145,0.9422,s
-0.0506,-0.1407,0.9378,s
-0.0594,-0.1282,0.9503,s
-0.0625,-0.125,0.9534,s
-0.0488,-0.125,0.9534,s
-0.125,-0.313,0.938,l
-0.155,-0.283,0.938,l
-0.156,-0.281,0.938,l
-0.156,-0.281,0.938,l
-0.183,-0.281,0.938,l
-0.163,-0.281,0.938,l
-0.133,-0.258,0.914,l
-0.148,-0.273,0.929,l
-0.199,-0.281,0.959,l
-0.199,-0.261,0.969,l
-0.169,-0.269,0.95,l
-0.139,-0.264,0.92,l
-0.158,-0.25,0.939,l
-0.173,-0.25,0.954,l
-0.156,-0.264,0.924,l
-0.169,-0.281,0.919,l
-0.176,-0.281,0.938,l
-0.156,-0.281,0.938,l
-0.156,-0.273,0.938,l
-0.156,-0.258,0.938,l
0.0469,-0.2813,0.9691,l
0.0625,-0.2657,0.9378,l
0.125,-0.1876,0.9847,l
0.0469,-0.1094,0.9691,l
0.0782,-0.2657,0.9534,l
0.0782,-0.1876,1.0472,l
0.0156,-0.1876,0.9378,l
0.0313,-0.2501,0.9378,l
0,-0.1563,1.0003,l
0.1094,0.0156,1.0628,l
0.0313,-0.0469,1.016,l
0.0313,-0.0156,0.9847,l
0.0313,0.1094,1.0003,l
-0.0138,0.1694,0.9703,l
-0.0013,0.1719,0.9691,l
-0.0688,0.1582,0.9966,l
-0.065,0.1826,0.9478,l
-0.0625,0.2251,0.9878,l
-0.0744,0.1751,0.9884,l
-0.0894,0.1338,0.9509,l
-0.1044,0.1676,0.9591,l
-0.0794,0.2176,0.929,l
-0.0907,0.1782,0.9628,l
-0.1182,0.1407,0.9828,l
-0.1007,0.1407,0.9691,l
-0.0631,0.2382,0.9466,l
-0.0469,0.2613,0.9153,l
-0.0531,0.125,0.9315,l
-0.0456,0.0613,0.9466,l
-0.0006,0.0363,0.9315,l
0.0138,0.0775,0.9978,l
-0.0163,0.1375,1.0128,l
0.025,0.05,0.9597,l
-0.0025,-0.07,0.9797,l
-0.0138,-0.085,0.9572,l
-0.0013,0.0988,0.9884,l
-0.0156,0.1563,1.0316,l
-0.0469,0.0625,1.0003,l
-0.0019,0.0475,0.9553,l
-0.0288,0.09,0.9822,l
0.0156,-0.2188,0.9222,l
-0.0156,-0.1407,0.9691,l
-0.0313,-0.1094,0.9847,l
-0.0782,-0.2032,0.9847,l
-0.0469,-0.1407,0.9378,l
-0.0782,-0.1563,0.9847,l
-0.0782,-0.125,0.9847,l
-0.0469,-0.0625,1.0003,l
-0.0938,-0.0313,0.9847,l
-0.0625,0.0313,0.9847,l
-0.0469,-0.0313,0.9847,l
-0.0625,0.0469,1.016,l
-0.0782,-0.0156,0.9534,l
-0.0938,0.0469,1.0316,l
-0.0938,0.0619,0.9866,l
-0.0938,0.0913,0.9559,l
-0.08,0.135,0.9947,l
-0.0782,0.1407,1.0134,l
-0.0782,0.0531,0.9784,l
-0.0782,0.0313,1.0047,l
-0.0782,0.0313,1.0047,l
-0.0569,0.0525,1.0109,l
-0.0469,0.0625,0.9859,l
-0.0563,0.0438,0.9972,l
-0.0625,0.005,0.9984,l
-0.0625,-0.0563,0.9847,l
-0.0775,-0.0713,0.9847,l
-0.08,-0.0194,0.9916,l
-0.0625,0.0219,1.0003,l
-0.0625,0.0144,1.0003,l
-0.0625,-0.0306,0.9853,l
-0.0669,-0.045,0.9622,l
-0.0706,-0.0075,0.9884,l
-0.05,-0.0406,0.9909,l
-0.0625,-0.0731,0.9584,l
-0.0588,-0.0431,0.9866,l
-0.0313,-0.0119,0.9991,l
-0.0313,0.0313,0.9847,l
-0.0313,0,0.9847,l
-0.0013,-0.03,0.9847,l
-0.0288,-0.0025,0.9991,l
-0.0038,0,1.0003,l
0.0131,0.0394,0.9609,l
0.0406,0.0344,1.016,l
0.0231,-0.0044,0.9722,l
0.0269,-0.0381,0.9759,l
0.0525,-0.015,1.0378,l
0.0525,0,0.9828,l
0.0656,0.0281,0.9753,l
0.0606,-0.1457,0.9391,l
0.0713,-0.1669,0.9234,l
0.0863,-0.0169,0.9759,l
0.0919,0.0156,0.9728,l
0.1157,-0.0094,0.9566,l
0.125,-0.0356,0.9791,l
0.13,-0.0206,0.9591,l
0.1363,-0.0225,0.9378,l
0.1363,-0.0038,0.9453,l
0.1688,-0.0188,0.9722,l
0.1588,-0.0388,0.9822,l
-0.0288,-0.0025,0.9991,l
-0.0038,0,1.0003,l
0.0131,0.0394,0.9609,l
0.0406,0.0344,1.016,l
0.0231,-0.0044,0.9722,l
0.0269,-0.0381,0.9759,l
0.0525,-0.015,1.0378,l
0.0525,0,0.9828,l
0.0656,0.0281,0.9753,l
0.0606,-0.1457,0.9391,l
0.0713,-0.1669,0.9234,l
0.0863,-0.0169,0.9759,l
0.0919,0.0156,0.9728,l
0.1157,-0.0094,0.9566,l
0.125,-0.0356,0.9791,l
0.13,-0.0206,0.9591,l
0.1363,-0.0225,0.9378,l
0.1363,-0.0038,0.9453,l
0.1688,-0.0188,0.9722,l
0.1588,-0.0388,0.9822,l
0.1757,-0.0782,0.9653,l
0.2032,-0.0656,0.9416,l
0.2032,0.0782,0.9847,l
0.2032,0.0938,0.9691,l
0.2188,0.0469,0.9847,l
0.2345,0.0782,0.9534,l
0.2501,0.0313,0.9691,l
0.2188,0.0938,0.9534,l
0.2345,0.1719,0.9534,l
0.2188,0.1719,0.9065,l
0.2032,0.1876,0.9691,l
0.2032,0.1407,0.9378,l
0.2032,0.1719,0.8909,l
0.1563,0.1876,0.9378,l
0.1563,0.1719,0.9065,l
0.1719,0.1563,0.9534,l
0.1563,0.1563,0.9847,l
0.1407,0.1407,0.9691,l
0.1407,0.1876,0.9691,l
0.0938,0.1719,0.9534,l
0.0938,0.125,0.9691,l
0.0938,0.125,0.9534,l
0.1094,0.1876,0.9691,l
0.0938,0.1876,0.9847,l
0.1094,0.1876,0.9847,l
0.1094,0.1719,1.0003,l
0.0782,0.1876,0.9378,l
0.0469,0.2032,0.9847,l
0.0469,0.1563,1.0316,l
0.0469,0.2013,1.0166,l
0.0181,0.1888,0.9728,l
0.0019,0.1463,0.9828,l
0,0.1407,0.9716,l
0,0.1657,0.9816,l
-0.0119,0.1601,0.9609,l
-0.0156,0.1563,0.9534,l
-0.0263,0.1457,0.9853,l
-0.0213,0.1407,0.9903,l
-0.0063,0.1407,0.9659,l
-0.0088,0.1144,0.9622,l
-0.0238,0.0938,0.9609,l
-0.0013,0.1088,0.9684,l
0.045,0.1182,0.9847,l
0.0563,0.1157,0.9847,l
0.0413,0.1082,0.9734,l
0.0313,0.0782,0.9584,l
0.0269,0.0694,0.9603,l
0.0194,0.0431,0.9528,l
0.0281,0.0281,0.9941,l
0.0181,0.0181,0.9716,l
0.035,0.0331,0.9847,l
0.0625,0.0394,0.9859,l
0.0625,-0.0469,1.0003,l
0.0782,-0.0625,1.016,l
0.0932,-0.0475,1.0009,l
0.0938,-0.09,0.9716,l
0.1075,-0.0663,0.9828,l
0.0832,-0.1019,0.9978,l
0.1157,-0.0719,0.9753,l
0.1132,-0.0744,0.9928,l
0.1094,-0.0669,0.9666,l
0.12,-0.0625,0.9747,l
0.145,-0.0625,0.9747,l
0.1563,-0.0438,0.9409,l
0.1651,-0.0488,0.9397,l
0.1638,-0.0463,0.9534,l
0.1863,-0.0313,0.9834,l
0.2188,-0.0244,0.9953,l
0.1938,-0.0281,0.9753,l
0.1619,-0.03,0.9734,l
0.1669,0,0.9584,l
0.1607,-0.0088,0.9691,l
0.1644,-0.0275,0.9728,l
0.1375,-0.0125,0.9878,l
0.1225,-0.0025,0.9928,l
0.1132,-0.0194,0.9591,l
0.1369,-0.0469,0.9991,l
0.0938,-0.0469,0.9847,l
0.0938,-0.0313,1.016,l
0.0782,-0.0156,0.9847,l
0.0469,0.0156,0.9847,l
0.0469,0,1.0003,l
0.0313,-0.0313,1.0003,l
0.0469,-0.0625,1.016,l
0,-0.0313,0.9847,l
-0.0156,-0.0313,0.9847,l
-0.0156,0,0.9847,l
-0.0156,-0.0782,1.0003,l
-0.0313,-0.0938,0.9847,l
-0.0469,-0.0938,0.9847,l
-0.0469,-0.1094,1.0003,l
-0.0625,-0.0938,1.0003,l
-0.0469,-0.1719,0.9847,l
-0.0625,-0.0938,1.0316,l
-0.0313,-0.0938,1.0003,l
-0.0469,-0.1719,0.9534,l
-0.0469,-0.1876,0.9847,l
-0.0469,-0.0938,0.9691,l
-0.0313,-0.125,0.9847,l
-0.0625,-0.125,0.9691,l
-0.0469,-0.0625,1.0003,l
-0.0313,-0.0938,1.0003,l
-0.0625,-0.125,0.9847,l
-0.0469,-0.1407,0.9534,l
-0.0319,-0.0957,0.9834,l
-0.0025,-0.0794,0.9847,l
-0.0138,-0.1057,1.0397,l
-0.0288,-0.0438,0.9947,l
-0.0438,-0.0688,0.9847,l
-0.0113,-0.09,0.9847,l
0,-0.1275,0.9847,l
-0.0106,-0.0982,1.0059,l
-0.0056,-0.0782,1.026,l
0,-0.0688,1.0222,l
-0.0088,-0.0538,0.9984,l
-0.0481,-0.0306,0.9847,l
-0.0782,-0.0081,0.9697,l
-0.0506,0.0069,0.9741,l
-0.0156,0.0031,0.9816,l
-0.0213,-0.0213,0.9816,l
-0.0413,-0.0263,1.0266,l
-0.0625,0.0019,1.0203,l
-0.0738,0.0394,1.0241,l
-0.1125,0.0156,0.9972,l
-0.1275,0.0231,0.9897,l
-0.1425,0.0663,1.0141,l
-0.1601,0.0963,0.9991,l
-0.2032,0.125,0.9847,l
-0.2501,0.0938,0.9691,l
-0.1901,0.0788,0.9841,l
-0.2307,0.1213,0.9416,l
-0.2345,0.1938,0.9516,l
-0.2607,0.1901,1.0059,l
-0.2657,0.125,0.9659,l
-0.2538,0.0857,0.9653,l
-0.2613,0.1007,0.9353,l
-0.2657,0.1519,0.9009,l
-0.2357,0.2119,0.9009,l
-0.1907,0.2345,0.9159,l
-0.1457,0.2695,0.9134,l
-0.0044,-0.527,0.8284,l
-0.0319,-0.5633,0.839,l
-0.0169,-0.5783,0.794,l
0,-0.5877,0.7659,l
-0.0175,-0.5852,0.7746,l
-0.015,-0.5864,0.7978,l
0.0225,-0.6315,0.7978,l
0.0331,-0.6583,0.7677,l
0.0031,-0.6221,0.7502,l
-0.01,-0.5996,0.7784,l
0.01,-0.6246,0.8284,l
0.0313,-0.6302,0.824,l
0.035,-0.5589,0.8165,l
0.05,-0.5439,0.8221,l
0.06,-0.5339,0.7921,l
0.045,-0.5452,0.7659,l
0.0325,-0.5352,0.7684,l
0.0469,-0.5783,0.7971,l
0.0782,-0.5627,0.7659,l
0.0313,-0.5314,0.8128,l
0.0469,-0.5471,0.7659,l
0.0469,-0.5627,0.8284,l
0.0782,-0.5627,0.8128,l
0.0469,-0.4376,0.844,l
0.0625,-0.5314,0.844,l
0.0938,-0.5783,0.8284,l
0.1094,-0.5939,0.8284,l
0.0938,-0.6252,0.7502,l
0,-0.6252,0.7346,l
0.0469,-0.6096,0.7971,l
0.0469,-0.5627,0.7659,l
0.0313,-0.5939,0.8128,l
0.0313,-0.5783,0.8128,l
-0.0469,-0.5314,0.8128,l
0,-0.5314,0.7815,l
-0.0469,-0.5471,0.8128,l
-0.0938,-0.5783,0.7659,l
-0.0938,-0.5783,0.8128,l
-0.0938,-0.5627,0.8909,l
-0.125,-0.5314,0.7815,l
-0.0625,-0.6252,0.8128,l
-0.1094,-0.6096,0.844,l
-0.1563,-0.5783,0.8284,l
-0.1407,-0.5314,0.8909,l
-0.1557,-0.4564,0.8009,l
-0.1707,-0.4964,0.8115,l
-0.1032,-0.4727,0.9228,l
-0.1594,-0.4952,0.8722,l
-0.1844,-0.5502,0.8847,l
-0.1876,-0.5152,0.8909,l
-0.1538,-0.5452,0.8459,l
-0.1194,-0.5202,0.8178,l
-0.1694,-0.5502,0.8328,l
-0.1657,-0.522,0.8534,l
-0.1494,-0.467,0.8421,l
-0.1563,-0.4777,0.8528,l
-0.1038,-0.5302,0.8603,l
-0.04,-0.542,0.8371,l
-0.025,-0.5095,0.8471,l
0.0013,-0.517,0.8697,l
0.0463,-0.542,0.8597,l
0.065,-0.5227,0.8421,l
0.035,-0.5039,0.8046,l
0.0438,-0.522,0.8315,l
0.0363,-0.5395,0.8365,l
0.0625,-0.502,0.799,l
0.0638,-0.5208,0.8165,l
0.0782,-0.5783,0.8597,l
0.125,-0.5314,0.8753,l
0.125,-0.5314,0.8284,l
0.1094,-0.5314,0.844,l
0.0782,-0.5158,0.7659,l
0.0625,-0.5314,0.8909,l
0.0625,-0.5002,0.844,l
0.0469,-0.4689,0.8753,l
0.0469,-0.4845,0.844,l
0.0625,-0.5314,0.8284,l
-0.0156,-0.4845,0.8909,l
-0.0156,-0.5002,0.8753,l
-0.0469,-0.4533,0.8753,l
-0.0469,-0.4845,0.8909,l
-0.0625,-0.4376,0.8597,l
-0.0625,-0.4845,0.9065,l
-0.0782,-0.5158,0.844,l
-0.0625,-0.4845,0.8284,l
-0.0782,-0.4533,0.8753,l
-0.0782,-0.4845,0.8597,l
-0.125,-0.4376,0.9065,l
-0.1563,-0.422,0.8284,l
-0.1563,-0.4845,0.8284,l
-0.1563,-0.5158,0.8753,l
-0.2188,-0.5158,0.8597,l
-0.2032,-0.5002,0.8284,l
-0.2501,-0.5002,0.8284,l
-0.1751,-0.5002,0.8734,l
-0.2151,-0.4858,0.8465,l
-0.2051,-0.512,0.8165,l
-0.1769,-0.5027,0.7865,l
-0.1844,-0.5127,0.8065,l
-0.1876,-0.5633,0.789,l
0.0625,-0.5002,0.8284,l
0.1075,-0.4852,0.8434,l
0.095,-0.4989,0.8153,l
1.4004,-1.5455,1.3904,l
0.2657,-0.7034,0.8915,l
-0.0219,-0.5033,0.8565,l
0.0638,-0.4764,0.8515,l
0.0825,-0.5027,0.8328,l
0.0888,-0.5477,0.8178,l
0.0838,-0.5327,0.8328,l
0.0782,-0.5345,0.7878,l
0.0869,-0.5383,0.9866,l
0.0531,-0.4827,0.9934,l
0.0231,-0.4977,0.8059,l
0.0656,-0.5489,0.7953,l
0.1157,-0.5377,0.794,l
0.1363,-0.5302,0.7884,l
0.1413,-0.5052,0.8234,l
0.105,-0.5202,0.8215,l
0.09,-0.5539,0.8403,l
0.0813,-0.6033,0.8284,l
0.0863,-0.5133,0.8284,l
0.045,-0.5152,0.8246,l
0.0313,-0.6202,0.8009,l
0.0313,-0.5627,0.844,l
0.0625,-0.6565,0.9065,l
0.0469,-0.422,0.8753,l
0.0625,-0.4376,0.8909,l
0.0625,-0.4845,0.8909,l
0.0625,-0.4533,0.8753,l
0.1094,-0.4845,0.8597,l
0.1094,-0.4689,0.844,l
-0.0469,-0.5158,0.8284,l
-0.0156,-0.5158,0.8284,l
0.0625,-0.4845,0.7971,l
0.1407,-0.4689,0.8909,l
0.125,-0.4845,0.8128,l
0.0938,-0.5314,0.8128,l
0.1094,-0.5314,0.844,l
0.1407,-0.5158,0.8128,l
0.1407,-0.5314,0.8128,l
0.1094,-0.5314,0.8284,l
0.125,-0.5471,0.7971,l
0.0782,-0.5627,0.8128,l
0.1094,-0.5471,0.844,l
0.0782,-0.5158,0.8128,l
0.0469,-0.5314,0.8284,l
0.0469,-0.5471,0.8284,l
0.0469,-0.5314,0.8284,l
0.0625,-0.5158,0.8597,l
0.0313,-0.5002,0.8284,l
0.0013,-0.5452,0.8734,l
0,-0.5327,0.789,l
0.0275,-0.5452,0.8365,l
0.005,-0.4945,0.8834,l
-0.0875,-0.6971,0.9409,l
0.0213,-0.5602,0.8584,l
0.085,-0.5452,0.8396,l
0.0832,-0.5308,0.8228,l
0.0681,-0.5158,0.8228,l
0.0813,-0.5158,0.819,l
0.0938,-0.507,0.8128,l
0.1019,-0.5164,0.8453,l
0.1094,-0.5239,0.8303,l
0.1232,-0.5295,0.8021,l
0.1219,-0.5283,0.8221,l
0.105,-0.4945,0.8184,l
0.13,-0.4995,0.8284,l
0.1319,-0.5402,0.824,l
0.1132,-0.5664,0.8053,l
0.1219,-0.5814,0.7909,l
0.1119,-0.5889,0.8234,l
0.125,-0.5646,0.799,l
0.12,-0.5796,0.8103,l
0.0625,-0.5939,0.7815,l
0.0469,-0.5627,0.7815,l
0.0019,-0.5477,0.7665,l
0,-0.6046,0.7802,l
0,-0.6371,0.7953,l
-0.0131,-0.6014,0.784,l
0.297,-0.3751,0.8597,s
0.2657,-0.3439,0.8753,s
0.297,-0.3751,0.8597,s
0.2813,-0.3439,0.8753,s
0.2813,-0.3595,0.8753,s
0.2501,-0.3439,0.8753,s
0.2657,-0.3595,0.8753,s
0.2813,-0.3595,0.8753,s
0.2663,-0.3595,0.8603,s
0.2801,-0.3595,0.8884,s
0.2813,-0.3457,0.8909,s
0.2682,-0.357,0.8909,s
0.2657,-0.3345,0.8784,s
0.2538,-0.352,0.8634,s
0.2726,-0.3595,0.8709,s
0.2707,-0.3595,0.8753,s
0.2757,-0.3495,0.8653,s
0.2813,-0.3532,0.869,s
0.2726,-0.3682,0.8665,s
0.2738,-0.367,0.8759,s
0.2738,-0.3595,0.8834,s
0.2657,-0.3595,0.8822,s
0.272,-0.3595,0.8784,s
0.2813,-0.3595,0.8597,s
0.2763,-0.3595,0.8697,s
0.2701,-0.3595,0.8909,s
0.2813,-0.3632,0.8834,s
0.2813,-0.3689,0.8659,s
0.2788,-0.3464,0.8884,s
0.2676,-0.3576,0.8734,s
0.2813,-0.3451,0.8609,s
0.2813,-0.3595,0.8753,s
0.2657,-0.3595,0.8753,s
0.2657,-0.3595,0.8753,s
0.2657,-0.3451,0.8897,s
0.2657,-0.3576,0.8909,s
0.2657,-0.3595,0.8778,s
0.2657,-0.3595,0.8878,s
0.2776,-0.3476,0.8553,s
0.2813,-0.3551,0.8778,s
0.2813,-0.3701,0.8803,s
0.2813,-0.3651,0.8653,s
0.272,-0.3595,0.869,s
0.2745,-0.3682,0.8753,s
0.2651,-0.367,0.8753,s
0.2576,-0.352,0.8753,s
0.2726,-0.337,0.8684,s
0.2751,-0.3407,0.8597,s
0.2713,-0.3595,0.8653,s
0.2763,-0.3595,0.8753,s
0.2657,-0.3551,0.8709,s
0.2695,-0.3439,0.8634,s
0.2813,-0.347,0.8753,s
0.2788,-0.362,0.8778,s
0.2657,-0.3714,0.889,s
0.267,-0.3451,0.8753,s
0.2813,-0.3595,0.8753,s
0.2657,-0.3751,0.8753,s
0.2501,-0.3595,0.8909,s
0.2813,-0.3439,0.8597,s
-0.1719,-0.2094,0.9409,s
-0.1719,-0.2119,0.9397,s
-0.1638,-0.2269,0.9534,s
-0.1638,-0.2269,0.9534,s
-0.1719,-0.2119,0.9534,s
-0.1719,-0.2094,0.9534,s
-0.1776,-0.2188,0.9534,s
-0.1776,-0.2188,0.9484,s
-0.1607,-0.2188,0.9422,s
-0.1682,-0.2188,0.9534,s
-0.1594,-0.2188,0.9503,s
-0.1719,-0.2163,0.9428,s
-0.1719,-0.2069,0.9672,s
-0.1719,-0.2319,0.9534,s
-0.1719,-0.2032,0.9534,s
-0.1719,-0.2188,0.9691,s
-0.1719,-0.2188,0.9534,s
-0.1719,-0.2188,0.9534,s
-0.1719,-0.2345,0.9847,s
-0.1563,-0.2188,0.9691,s
-0.1719,-0.2345,0.9534,s
-0.1719,-0.2345,0.9691,s
-0.1876,-0.2345,0.9534,s
-0.1563,-0.2345,0.9378,s
-0.1719,-0.2345,0.9534,s
-0.1563,-0.2188,0.9691,s
-0.1876,-0.2345,0.9378,s
-0.1719,-0.2188,0.9691,s
-0.1563,-0.2345,0.9534,s
-0.1719,-0.2188,0.9691,s
-0.1719,-0.2188,0.9691,s
-0.1719,-0.2188,0.9534,s
-0.1876,-0.2345,0.9691,s
-0.1719,-0.2345,0.9534,s
-0.1563,-0.2188,0.9534,s
-0.1876,-0.2188,0.9378,s
-0.1876,-0.2032,0.9534,s
-0.1719,-0.2188,0.9534,s
-0.1563,-0.2345,0.9534,s
-0.1719,-0.2345,0.9534,s
-0.1876,-0.2188,0.9534,s
-0.1726,-0.2038,0.9534,s
-0.1719,-0.2032,0.9534,s
-0.1719,-0.2169,0.9534,s
-0.1719,-0.2319,0.9666,s
-0.1844,-0.2094,0.9566,s
-0.1994,-0.2032,0.9653,s
-0.1807,-0.2257,0.9466,s
-0.1826,-0.2238,0.9591,s
-0.1776,-0.2288,0.9591,s
-0.1719,-0.2251,0.9534,s
-0.1719,-0.2188,0.9534,s
-0.1801,-0.2188,0.9534,s
-0.1801,-0.2188,0.9534,s
-0.1857,-0.2257,0.9534,s
-0.1907,-0.2345,0.9534,s
-0.1719,-0.2288,0.9591,s
-0.1719,-0.2238,0.9641,s
-0.1763,-0.2388,0.9534,s
-0.1838,-0.2426,0.9497,s
-0.1751,-0.2188,0.9409,s
-0.1851,-0.2213,0.9559,s
-0.1738,-0.2326,0.9672,s
-0.1876,-0.2188,0.9547,s
-0.1876,-0.2188,0.9691,s
-0.1876,-0.2345,0.9534,s
-0.1876,-0.2345,0.9534,s
-0.1876,-0.2345,0.9534,s
-0.1876,-0.2207,0.9672,s
-0.1744,-0.2451,0.9559,s
-0.1844,-0.2376,0.9534,s
-0.1876,-0.2226,0.9653,s
-0.1763,-0.2188,0.9578,s
-0.1719,-0.2401,0.9534,s
-0.1819,-0.2301,0.9534,s
-0.1782,-0.2094,0.9628,s
-0.1719,-0.2119,0.9691,s
-0.1719,-0.2188,0.9691,s
-0.1719,-0.2188,0.9616,s
-0.1788,-0.2257,0.9466,s
-0.1813,-0.2282,0.9441,s
-0.1832,-0.2188,0.9534,s
-0.1982,-0.2188,0.9534,s
-0.1832,-0.2188,0.9491,s
-0.1757,-0.2226,0.9378,s
-0.1876,-0.2313,0.9441,s
-0.1876,-0.2188,0.9666,s
-0.1876,-0.2188,0.9534,s
-0.1876,-0.2213,0.9534,s
-0.1876,-0.2501,0.9534,s
-0.1876,-0.2188,0.9378,s
-0.1719,-0.2345,0.9534,s
-0.1876,-0.2345,0.9691,s
-0.1876,-0.2188,0.9534,s
-0.1719,-0.2188,0.9378,s
-0.1876,-0.2345,0.9534,s
-0.1719,-0.2188,0.9534,s
-0.1876,-0.2188,0.9534,s
-0.1719,-0.2345,0.9534,s
-0.1876,-0.2188,0.9534,s
-0.1563,-0.2188,0.9534,s
-0.1876,-0.2345,0.9691,s
-0.1719,-0.2345,0.9534,s
-0.1876,-0.2345,0.9378,s
-0.1719,-0.2188,0.9534,s
-0.1719,-0.2345,0.9534,s
-0.1719,-0.2501,0.9534,s
-0.1876,-0.2345,0.9534,s
-0.2032,-0.2345,0.9534,s
-0.1719,-0.2345,0.9534,s
-0.1719,-0.2188,0.9691,s
-0.1719,-0.2188,0.9378,s
-0.1876,-0.2345,0.9534,s
-0.2032,-0.2345,0.9378,s
-0.1719,-0.2345,0.9847,s
-0.1719,-0.2345,0.9534,s
-0.1869,-0.2495,0.9534,s
-0.1876,-0.2213,0.9391,s
-0.1876,-0.2326,0.9653,s
-0.1613,-0.2345,0.9559,s
-0.1813,-0.2219,0.9534,s
-0.1757,-0.2188,0.9534,s
-0.1719,-0.2188,0.9647,s
-0.1826,-0.2188,0.9584,s
-0.1876,-0.2288,0.9534,s
-0.1876,-0.2251,0.9534,s
-0.1788,-0.2188,0.9534,s
-0.1801,-0.2188,0.9616,s
-0.1801,-0.2188,0.9691,s
-0.1719,-0.2326,0.9553,s
-0.1719,-0.2438,0.9441,s
-0.1719,-0.2401,0.9591,s
-0.1719,-0.2501,0.9691,s
-0.1763,-0.2457,0.9691,s
-0.1876,-0.2269,0.9616,s
-0.1876,-0.2094,0.9441,s
-0.1851,-0.237,0.9666,s
-0.1719,-0.2463,0.9534,s
-0.1732,-0.2213,0.9522,s
-0.1876,-0.2501,0.9378,s
-0.1719,-0.2188,0.9534,s
-0.1719,-0.2188,0.9534,s
-0.1863,-0.2188,0.9534,s
-0.1738,-0.2326,0.9534,s
-0.1719,-0.2345,0.9534,s
-0.1594,-0.2345,0.9534,s
-0.1682,-0.2107,0.9772,s
-0.1832,-0.2032,0.9734,s
-0.1769,-0.2244,0.9584,s
-0.1719,-0.2244,0.9534,s
-0.1719,-0.2188,0.9441,s
-0.1719,-0.2276,0.9378,s
-0.1801,-0.2345,0.9541,s
-0.1876,-0.2345,0.9691,s
-0.1807,-0.2276,0.9622,s
-0.1782,-0.2251,0.9534,s
-0.1932,-0.2288,0.9534,s
-0.1932,-0.2238,0.9584,s
-0.1763,-0.2301,0.9734,s
-0.1801,-0.2226,0.9734,s
-0.1594,-0.2345,0.9409,s
-0.1744,-0.2319,0.9534,s
-0.1876,-0.2226,0.9534,s
-0.1888,-0.2463,0.9547,s
-0.2032,-0.2032,0.9691,s
-0.1876,-0.2345,0.9534,s
-0.1719,-0.2501,0.9534,s
-0.1876,-0.2188,0.9534,s
-0.1876,-0.2345,0.9691,s
-0.1876,-0.2345,0.9534,s
-0.1876,-0.2345,0.9534,s
-0.2032,-0.2345,0.9534,s
-0.1876,-0.2345,0.9691,s
-0.1876,-0.2188,0.9378,s
-0.1719,-0.2188,0.9534,s
-0.1876,-0.2345,0.9691,s
-0.2032,-0.2188,0.9534,s
-0.1876,-0.2345,0.9534,s
-0.1876,-0.2188,0.9847,s
-0.1876,-0.2345,0.9534,s
-0.1876,-0.2345,0.9534,s
-0.1719,-0.2188,0.9534,s
-0.1876,-0.2345,0.9534,s
-0.1876,-0.2188,0.9534,s
-0.1876,-0.2345,0.9534,s
-0.1876,-0.2501,0.9534,s
-0.1876,-0.2188,0.9534,s
-0.2032,-0.2345,0.9534,s
-0.1719,-0.2345,0.9691,s
-0.1876,-0.2345,0.9534,s
-0.1876,-0.2345,0.9534,s
-0.1876,-0.2495,0.9384,s
-0.1588,-0.2357,0.9522,s
-0.1976,-0.2207,0.9672,s
-0.1901,-0.2319,0.9559,s
-0.2001,-0.2219,0.9534,s
-0.1794,-0.2307,0.9534,s
-0.1832,-0.2232,0.9534,s
-0.1876,-0.2188,0.9534,s
-0.1776,-0.2288,0.9634,s
0,-0.1876,0.9378,s
-0.0156,-0.1876,0.9378,s
-0.0156,-0.1876,0.9378,s
-0.0156,-0.1876,0.9378,s
-0.0156,-0.1876,0.9378,s
0,-0.1876,0.9378,s
-0.0156,-0.1876,0.9222,s
-0.0156,-0.2032,0.9222,s
-0.0156,-0.1876,0.9378,s
0,-0.1876,0.9378,s
0,-0.1876,0.9222,s
0,-0.1876,0.9378,s
-0.0006,-0.2026,0.9528,s
-0.0144,-0.1876,0.9391,s
0,-0.1876,0.9534,s
0,-0.1876,0.9534,s
0,-0.1876,0.9534,s
0,-0.1876,0.9534,s
0,-0.1832,0.9534,s
0,-0.1719,0.9484,s
0,-0.1776,0.9434,s
-0.0063,-0.1876,0.9472,s
-0.0156,-0.1876,0.9378,s
-0.0156,-0.1876,0.9378,s
-0.0075,-0.1876,0.9378,s
-0.0088,-0.1876,0.9378,s
-0.0063,-0.1876,0.9472,s
0,-0.1876,0.9534,s
0,-0.1876,0.9428,s
0,-0.1876,0.9378,s
0,-0.1876,0.9378,s
0,-0.1876,0.9378,s
0,-0.1876,0.9509,s
0,-0.1876,0.9534,s
0,-0.1876,0.9534,s
0,-0.1876,0.9534,s
0,-0.1876,0.9534,s
0,-0.1876,0.9378,s
0,-0.1876,0.9534,s
-0.0156,-0.1876,0.9534,s
0,-0.1876,0.9534,s
-0.0156,-0.1876,0.9534,s
0,-0.1876,0.9534,s
-0.0156,-0.1876,0.9534,s
0,-0.1876,0.9378,s
-0.0156,-0.1876,0.9534,s
-0.0156,-0.1719,0.9534,s
-0.0156,-0.1876,0.9534,s
-0.0156,-0.1876,0.9378,s
-0.0156,-0.1876,0.9534,s
-0.0156,-0.1876,0.9534,s
-0.0156,-0.1876,0.9534,s
0,-0.1876,0.9378,s
-0.0156,-0.1876,0.9534,s
0,-0.1719,0.9378,s
0,-0.1719,0.9378,s
0,-0.1719,0.9378,s
-0.0156,-0.1719,0.9378,s
-0.0156,-0.1876,0.9378,s
-0.0156,-0.1876,0.9378,s
0,-0.1876,0.9378,s
0,-0.1876,0.9378,s
-0.0156,-0.1882,0.9378,s
-0.0156,-0.2032,0.9378,s
-0.0156,-0.2032,0.9359,s
-0.0156,-0.2007,0.9247,s
-0.0156,-0.1876,0.9378,s
-0.0119,-0.1876,0.9378,s
0,-0.1876,0.9422,s
0,-0.1876,0.9534,s
0,-0.1876,0.9534,s
0,-0.1876,0.9472,s
-0.0069,-0.1876,0.9447,s
-0.0156,-0.1876,0.9459,s
-0.0075,-0.1876,0.9378,s
0,-0.1876,0.9378,s
-0.0094,-0.1876,0.9472,s
-0.0056,-0.1976,0.9534,s
0,-0.1926,0.9534,s
-0.0113,-0.1876,0.9422,s
-0.0156,-0.1876,0.9497,s
-0.0031,-0.1876,0.9534,s
0,-0.1876,0.9534,s
-0.0138,-0.1876,0.9534,s
-0.0156,-0.1876,0.9391,s
-0.0156,-0.1876,0.9378,s
0,-0.1876,0.9534,s
0,-0.1876,0.9378,s
0,-0.1876,0.9378,s
0,-0.1876,0.9534,s
-0.0156,-0.1876,0.9378,s
0,-0.1876,0.9378,s
0,-0.1876,0.9534,s
0,-0.1876,0.9378,s
0,-0.1876,0.9378,s
0,-0.1719,0.9534,s
0,-0.1876,0.9378,s
0,-0.1719,0.9534,s
0,-0.1876,0.9534,s
0,-0.1719,0.9534,s
0,-0.1876,0.9378,s
0,-0.1876,0.9378,s
0,-0.2032,0.9378,s
0,-0.1876,0.9378,s
0,-0.1876,0.9378,s
0.0156,-0.1719,0.9378,s
0,-0.1876,0.9378,s
0,-0.1876,0.9378,s
-0.0156,-0.1876,0.9378,s
-0.0156,-0.1876,0.9534,s
0,-0.1876,0.9534,s
0,-0.1719,0.9534,s
0,-0.1876,0.9534,s
-0.0156,-0.2032,0.9378,s
-0.0156,-0.1876,0.9378,s
-0.0156,-0.1876,0.9378,s
0,-0.1876,0.9378,s
0,-0.1876,0.9378,s
-0.0156,-0.1876,0.9378,s
0,-0.1876,0.9222,s
0,-0.1876,0.9222,s
0,-0.1876,0.9222,s
-0.0156,-0.1876,0.9222,s
0,-0.2032,0.9222,s
-0.0156,-0.1876,0.9222,s
-0.0156,-0.2032,0.9222,s
0,-0.1876,0.9378,s
0,-0.1876,0.9378,s
0,-0.1719,0.9378,s
-0.0156,-0.1876,0.9378,s
-0.0156,-0.1719,0.9222,s
-0.0156,-0.1719,0.9222,s
0,-0.1876,0.9222,s
0,-0.1876,0.9222,s
-0.0156,-0.1876,0.9222,s
0,-0.1876,0.9378,s
0,-0.1876,0.9378,s
0,-0.1876,0.9528,s
0,-0.1876,0.9391,s
-0.0019,-0.1894,0.9534,s
-0.0131,-0.2007,0.9534,s
-0.0031,-0.1876,0.9503,s
-0.0119,-0.1876,0.9416,s
0,-0.1876,0.9491,s
0.005,-0.1876,0.9378,s
0.01,-0.1876,0.9378,s
0,-0.1876,0.9378,s
0,-0.1944,0.9378,s
0,-0.1957,0.9378,s
-0.0081,-0.1957,0.9378,s
-0.0156,-0.2032,0.9378,s
-0.0156,-0.2032,0.9378,s
-0.0056,-0.2032,0.9478,s
0,-0.1926,0.9534,s
0,-0.1988,0.9422,s
0,-0.2032,0.9497,s
0,-0.1907,0.9534,s
0,-0.1876,0.9534,s
0,-0.1876,0.9534,s
0,-0.1876,0.9391,s
-0.0156,-0.1876,0.9378,s
-0.0156,-0.1876,0.9378,s
-0.0156,-0.1876,0.9378,s
0,-0.1876,0.9534,s
0,-0.1876,0.9378,s
-0.0156,-0.1876,0.9378,s
0,-0.1876,0.9378,s
0,-0.1876,0.9378,s
-0.0156,-0.1876,0.9534,s
-0.0156,-0.1876,0.9534,s
0,-0.1876,0.9378,s
0,-0.1719,0.9378,s
-0.0156,-0.1876,0.9378,s
0,-0.2032,0.9378,s
0,-0.1876,0.9378,s
0,-0.1876,0.9534,s
-0.0156,-0.1876,0.9378,s
0,-0.1876,0.9534,s
0,-0.1876,0.9534,s
0,-0.1876,0.9378,s
0,-0.1876,0.9378,s
-0.0156,-0.1876,0.9378,s
0,-0.1876,0.9378,s
-0.0156,-0.1876,0.9534,s
-0.0156,-0.1876,0.9534,s
0,-0.1876,0.9534,s
0,-0.1876,0.9534,s
-0.0156,-0.1876,0.9534,s
-0.0156,-0.1876,0.9534,s
-0.0156,-0.1857,0.9534,s
-0.0156,-0.1744,0.9534,s
-0.0125,-0.1876,0.9503,s
0,-0.1876,0.9378,s
0,-0.1832,0.9378,s
0,-0.1719,0.9378,s
0,-0.1719,0.9434,s
0,-0.1782,0.9534,s
0,-0.1876,0.9534,s
0,-0.1951,0.9534,s
0,-0.2032,0.9534,s
-0.0088,-0.2032,0.9447,s
-0.0156,-0.1938,0.9472,s
-0.0056,-0.1976,0.9434,s
-0.0106,-0.1926,0.9484,s
-0.0156,-0.1988,0.9534,s
-0.0156,-0.2032,0.9416,s
-0.0156,-0.2032,0.9378,s
-0.0025,-0.1901,0.9509,s
0,-0.1876,0.9534,s
-0.0144,-0.1876,0.9534,s
0,-0.1876,0.9534,s
0,-0.1876,0.9534,s
0.0156,-0.1719,0.9534,s
0,-0.1876,0.9534,s
0,-0.1876,0.9534,s
0,-0.1876,0.9534,s
0,-0.1876,0.9534,s
0,-0.1876,0.9534,s
-0.0156,-0.1876,0.9534,s
0,-0.1876,0.9534,s
0,-0.1876,0.9534,s
0,-0.1876,0.9534,s
0,-0.1876,0.9534,s
-0.0156,-0.1876,0.9534,s
0,-0.2032,0.9378,s
0,-0.1876,0.9378,s
0,-0.1876,0.9378,s
0,-0.1876,0.9378,s
0,-0.1719,0.9378,s
-0.0156,-0.1719,0.9534,s
-0.0156,-0.1876,0.9378,s
0,-0.1876,0.9534,s
0,-0.1876,0.9534,s
-0.0156,-0.1876,0.9534,s
0,-0.1876,0.9534,s
0,-0.1876,0.9534,s
0,-0.1876,0.9378,s
-0.0156,-0.1876,0.9378,s
-0.0156,-0.1876,0.9378,s
-0.0156,-0.1876,0.9359,s
-0.0156,-0.1876,0.9247,s
-0.0125,-0.1876,0.9378,s
-0.0038,-0.1876,0.9378,s
-0.0113,-0.1876,0.9378,s
0,-0.1876,0.9378,s
-0.0056,-0.1876,0.9322,s
-0.0156,-0.1876,0.9284,s
-0.0156,-0.1876,0.9378,s
-0.0156,-0.1876,0.9378,s
-0.0156,-0.1876,0.9378,s
-0.0156,-0.1788,0.9378,s
-0.0063,-0.1813,0.9284,s
0,-0.1876,0.9222,s
0,-0.1876,0.9222,s
0,-0.1876,0.9222,s
-0.0119,-0.1876,0.934,s
-0.0156,-0.1876,0.9378,s
-0.0156,-0.1876,0.9378,s
-0.0156,-0.1876,0.9378,s
-0.0013,-0.1876,0.9378,s
0,-0.1719,0.9222,s
0,-0.1876,0.9378,s
0,-0.1876,0.9378,s
0,-0.1876,0.9378,s
0,-0.1876,0.9378,s
0,-0.1876,0.9534,s
-0.0156,-0.1876,0.9378,s
0,-0.1876,0.9378,s
-0.0156,-0.1876,0.9534,s
-0.0156,-0.1876,0.9534,s
-0.0156,-0.1876,0.9378,s
-0.0156,-0.1876,0.9378,s
0,-0.1876,0.9378,s
0,-0.1876,0.9378,s
0,-0.1876,0.9378,s
0,-0.1876,0.9534,s
0,-0.1719,0.9378,s
-0.0156,-0.1876,0.9534,s
-0.0156,-0.1876,0.9378,s
0,-0.1876,0.9378,s
0,-0.1876,0.9378,s
0,-0.1876,0.9534,s
0,-0.1719,0.9378,s
0,-0.1719,0.9378,s
0,-0.1719,0.9378,s
0,-0.1719,0.9534,s
0,-0.1719,0.9378,s
0,-0.1876,0.9534,s
0,-0.1876,0.9378,s
-0.0156,-0.1719,0.9378,s
0,-0.1719,0.9378,s
-0.0156,-0.1876,0.9534,s
0,-0.1876,0.9534,s
0,-0.1876,0.9534,s
0,-0.2032,0.9534,s
-0.0156,-0.2032,0.9534,s
-0.0156,-0.1876,0.9534,s
-0.0156,-0.1876,0.9534,s
-0.0156,-0.1719,0.9378,s
0,-0.1719,0.9534,s
0,-0.1719,0.9534,s
0,-0.1719,0.9378,s
-0.0156,-0.1876,0.9378,s
-0.0156,-0.1876,0.9378,s
-0.0156,-0.1876,0.9378,s
0,-0.1876,0.9378,s
0,-0.1876,0.9378,s
0,-0.1876,0.9534,s
-0.0156,-0.1876,0.9378,s
-0.0156,-0.1876,0.9534,s
0,-0.1876,0.9534,s
-0.0156,-0.1876,0.9378,s
-0.0156,-0.1876,0.9534,s
-0.0156,-0.1876,0.9534,s
-0.0156,-0.1876,0.9534,s
-0.0156,-0.1876,0.9534,s
-0.0156,-0.1876,0.9534,s
-0.0156,-0.1876,0.9534,s
-0.0156,-0.1876,0.9534,s
-0.0156,-0.1876,0.9534,s
-0.0156,-0.1876,0.9534,s
-0.0156,-0.1813,0.9534,s
0,-0.1876,0.9528,s
-0.0106,-0.1876,0.9378,s
0,-0.1826,0.9534,s
0,-0.1869,0.9384,s
-0.0063,-0.1876,0.9378,s
-0.0038,-0.1876,0.9378,s
-0.0019,-0.1876,0.9516,s
0,-0.1801,0.9453,s
0,-0.1876,0.9509,s
0,-0.1876,0.9503,s
-0.0088,-0.1876,0.9447,s
-0.0156,-0.1876,0.9522,s
-0.0156,-0.1876,0.9378,s
0,-0.1719,0.9378,s
0,-0.1876,0.9378,s
-0.0156,-0.1876,0.9378,s
-0.0156,-0.1876,0.9534,s
0,-0.1876,0.9378,s
0,-0.1876,0.9378,s
-0.0156,-0.1876,0.9378,s
-0.0156,-0.1876,0.9378,s
0,-0.1876,0.9534,s
-0.0156,-0.1876,0.9378,s
0,-0.1876,0.9534,s
0,-0.1876,0.9534,s
0,-0.1876,0.9534,s
0,-0.1876,0.9534,s
-0.0156,-0.1876,0.9378,s
-0.0156,-0.1876,0.9534,s
-0.0156,-0.1876,0.9534,s
-0.0156,-0.1876,0.9534,s
-0.0156,-0.1876,0.9534,s
0,-0.1876,0.9534,s
0,-0.1876,0.9534,s
0,-0.1876,0.9534,s
0,-0.1719,0.9378,s
0,-0.1719,0.9534,s
0,-0.1876,0.9378,s
0,-0.1876,0.9378,s
-0.0156,-0.1876,0.9378,s
0,-0.2032,0.9684,s
-0.0013,-0.2032,0.9522,s
-0.0138,-0.2013,0.9359,s
0,-0.1876,0.9247,s
-0.0031,-0.1876,0.9378,s
-0.0119,-0.1876,0.9378,s
0,-0.1876,0.9378,s
0,-0.1876,0.9328,s
0,-0.1932,0.9278,s
0,-0.2032,0.9378,s
0,-0.1963,0.9378,s
0,-0.1876,0.9378,s
0,-0.1876,0.9378,s
0,-0.1788,0.929,s
0,-0.1813,0.9222,s
0,-0.1876,0.9322,s
0,-0.1876,0.9272,s
0,-0.1876,0.9334,s
0,-0.1876,0.9378,s
0,-0.1751,0.9378,s
0,-0.1851,0.9378,s
0,-0.1876,0.924,s
0,-0.1876,0.9222,s
0,-0.1876,0.9378,s
-0.0156,-0.1876,0.9378,s
0,-0.2032,0.9534,s
0,-0.1876,0.9534,s
0,-0.1876,0.9378,s
0,-0.1876,0.9534,s
0,-0.1876,0.9534,s
-0.0156,-0.1876,0.9378,s
0,-0.1876,0.9378,s
0,-0.1876,0.9534,s
0.0156,-0.1876,0.9534,s
0,-0.1719,0.9378,s
0,-0.1876,0.9534,s
0,-0.1719,0.9534,s
-0.0156,-0.1876,0.9534,s
0,-0.1876,0.9378,s
0,-0.1876,0.9378,s
0,-0.1876,0.9378,s
0,-0.1876,0.9378,s
0,-0.1876,0.9378,s
0,-0.1876,0.9534,s
-0.0156,-0.1876,0.9378,s
-0.0156,-0.2032,0.9378,s
-0.0156,-0.2032,0.9378,s
-0.0156,-0.1876,0.9378,s
-0.0156,-0.1719,0.9378,s
-0.0156,-0.1876,0.9378,s
-0.015,-0.1876,0.9378,s
0,-0.1876,0.9391,s
0,-0.1894,0.9534,s
0,-0.2007,0.9509,s
-0.0031,-0.1876,0.9378,s
-0.0119,-0.1838,0.9378,s
0,-0.1763,0.9378,s
0,-0.1876,0.9378,s
-0.0056,-0.1876,0.9434,s
-0.0094,-0.1876,0.9534,s
0,-0.1807,0.9466,s
0,-0.1794,0.9453,s
0,-0.1794,0.9534,s
0,-0.1807,0.9534,s
0,-0.1876,0.9534,s
0,-0.1876,0.9534,s
0,-0.1876,0.9534,s
-0.0113,-0.1876,0.9534,s
-0.0038,-0.1757,0.9534,s
-0.0125,-0.1844,0.9534,s
-0.0025,-0.1876,0.9403,s
0,-0.1876,0.9516,s
0,-0.1876,0.9534,s
-0.0156,-0.1876,0.9534,s
0,-0.1876,0.9534,s
-0.0156,-0.1876,0.9534,s
0,-0.1876,0.9534,s
-0.0156,-0.1719,0.9378,s
0,-0.1876,0.9534,s
-0.0156,-0.1876,0.9534,s
-0.0156,-0.1876,0.9534,s
0,-0.1876,0.9378,s
0,-0.1876,0.9534,s
-0.0156,-0.1719,0.9534,s
0,-0.1719,0.9534,s
0,-0.1876,0.9534,s
0,-0.1719,0.9534,s
0,-0.1719,0.9534,s
0,-0.1719,0.9534,s
-0.0156,-0.1719,0.9534,s
0,-0.1876,0.9534,s
0,-0.1876,0.9534,s
0,-0.1876,0.9378,s
-0.0156,-0.1876,0.9378,s
0,-0.1876,0.9378,s
0,-0.1876,0.9534,s
0,-0.1876,0.9378,s
0,-0.1876,0.9378,s
0,-0.1876,0.9378,s
-0.0156,-0.1876,0.9534,s
0,-0.1876,0.9534,s
0,-0.1876,0.9534,s
0,-0.1876,0.9534,s
-0.0025,-0.1851,0.9534,s
-0.0125,-0.1751,0.9534,s
0,-0.1876,0.9534,s
-0.0044,-0.1832,0.9534,s
-0.0156,-0.1719,0.9484,s
-0.01,-0.1776,0.9378,s
0,-0.1876,0.9378,s
0,-0.1807,0.9447,s
-0.0075,-0.1719,0.9534,s
-0.0075,-0.1719,0.9453,s
0,-0.1719,0.9466,s
0,-0.1813,0.9534,s
0,-0.1876,0.9534,s
0,-0.1876,0.9534,s
0.0113,-0.1763,0.9534,s
0.0156,-0.1838,0.9534,s
0.0031,-0.1876,0.9409,s
-0.0131,-0.1744,0.9509,s
-0.0156,-0.1857,0.9397,s
-0.0156,-0.2019,0.9378,s
-0.0156,-0.1876,0.9534,s
-0.0156,-0.2032,0.9534,s
-0.0156,-0.1876,0.9378,s
0,-0.1876,0.9378,s
-0.0156,-0.1876,0.9378,s
-0.0156,-0.1719,0.9222,s
-0.0156,-0.1719,0.9378,s
-0.0156,-0.1876,0.9378,s
-0.0156,-0.1876,0.9222,s
0,-0.1876,0.9222,s
0,-0.1876,0.9222,s
0,-0.1719,0.9222,s
-0.0156,-0.1876,0.9222,s
-0.0156,-0.2032,0.9378,s
-0.0156,-0.1876,0.9378,s
-0.0156,-0.1876,0.9222,s
-0.0156,-0.1876,0.9222,s
0,-0.1876,0.9222,s
0,-0.1876,0.9222,s
0,-0.1876,0.9222,s
0,-0.2032,0.9378,s
0,-0.2032,0.9378,s
-0.0156,-0.1876,0.9378,s
-0.0156,-0.1719,0.9378,s
-0.0156,-0.1876,0.9222,s
-0.0156,-0.2032,0.9378,s
0,-0.1876,0.9378,s
-0.0156,-0.1876,0.9378,s
-0.0156,-0.1876,0.9378,s
0,-0.1876,0.9534,s
-0.0156,-0.1876,0.9534,s
0,-0.1876,0.9534,s
0,-0.1876,0.9378,s
0,-0.1719,0.9534,s
-0.0156,-0.1876,0.9534,s
-0.0156,-0.1876,0.9534,s
0,-0.1719,0.9378,s
0,-0.1876,0.9378,s
0.0156,-0.1876,0.9378,s
0,-0.2032,0.9534,s
0,-0.1876,0.9378,s
0,-0.1876,0.9378,s
-0.0156,-0.1876,0.9378,s
-0.0156,-0.1876,0.9378,s
-0.0156,-0.1876,0.9378,s
0,-0.1876,0.9378,s
0,-0.1876,0.9378,s
0,-0.1876,0.9378,s
0,-0.1876,0.9378,s
0,-0.1876,0.9378,s
0,-0.1876,0.9534,s
0,-0.1876,0.9378,s
0.0006,-0.2026,0.9534,s
0.0144,-0.1876,0.9534,s
0,-0.1876,0.9534,s
0,-0.1851,0.9534,s
0,-0.1751,0.9503,s
0,-0.1876,0.9416,s
-0.0044,-0.1876,0.9491,s
-0.0156,-0.1876,0.9428,s
-0.01,-0.1876,0.9534,s
-0.0063,-0.1876,0.9472,s
-0.0156,-0.1876,0.9447,s
-0.0156,-0.1876,0.9459,s
-0.0156,-0.1794,0.9459,s
-0.0069,-0.1807,0.9447,s
0,-0.1782,0.9472,s
0,-0.1719,0.9534,s
-0.0106,-0.1826,0.9534,s
-0.0044,-0.1876,0.9534,s
0,-0.1876,0.9534,s
0,-0.1876,0.9534,s
0,-0.1876,0.9534,s
0,-0.1876,0.9397,s
0,-0.2019,0.9378,s
0,-0.1876,0.9378,s
0,-0.2032,0.9534,s
0,-0.1876,0.9378,s
0,-0.1876,0.9534,s
0.0156,-0.1719,0.9378,s
0,-0.1876,0.9534,s
0,-0.1876,0.9534,s
0,-0.1876,0.9534,s
0,-0.1876,0.9534,s
0,-0.1876,0.9378,s
0.0156,-0.1876,0.9378,s
0,-0.1876,0.9378,s
0,-0.1876,0.9534,s
0,-0.1876,0.9378,s
0,-0.1876,0.9534,s
-0.0156,-0.1876,0.9534,s
-0.0156,-0.1719,0.9534,s
0,-0.1876,0.9378,s
-0.0156,-0.1719,0.9378,s
0,-0.1876,0.9378,s
-0.0156,-0.1876,0.9378,s
0,-0.1719,0.9378,s
-0.0156,-0.1876,0.9378,s
0,-0.2032,0.9378,s
0,-0.1876,0.9378,s
0,-0.1876,0.9378,s
0,-0.1876,0.9534,s
0.015,-0.2182,0.9684,s
0,-0.2019,0.9522,s
-0.0019,-0.1876,0.9378,s
-0.0131,-0.1876,0.9403,s
0,-0.1876,0.9534,s
-0.0038,-0.1876,0.9497,s
-0.0113,-0.1919,0.9422,s
0,-0.1982,0.9534,s
-0.0056,-0.1876,0.9534,s
-0.0156,-0.1876,0.9534,s
-0.0088,-0.1876,0.9466,s
0,-0.1876,0.9378,s
0,-0.1876,0.9378,s
0,-0.1876,0.9378,s
0,-0.1876,0.9378,s
0,-0.1876,0.9378,s
0,-0.1876,0.9378,s
0,-0.1988,0.9491,s
0,-0.1913,0.9416,s
0,-0.1876,0.9503,s
0,-0.1876,0.9534,s
-0.0138,-0.1876,0.9534,s
-0.0156,-0.1876,0.9534,s
0,-0.1876,0.9534,s
0,-0.1876,0.9378,s
0,-0.1876,0.9378,s
0,-0.1876,0.9378,s
-0.0156,-0.1876,0.9378,s
0,-0.1876,0.9378,s
-0.0156,-0.1876,0.9378,s
0,-0.1876,0.9378,s
0,-0.1876,0.9378,s
-0.0156,-0.1876,0.9378,s
0,-0.1876,0.9222,s
0,-0.1876,0.9222,s
0,-0.1876,0.9378,s
-0.0156,-0.1876,0.9378,s
-0.0156,-0.2032,0.9378,s
-0.0156,-0.1876,0.9378,s
-0.0156,-0.1876,0.9222,s
0,-0.1876,0.9222,s
0,-0.1719,0.9222,s
-0.0156,-0.1876,0.9222,s
0,-0.1876,0.9378,s
-0.0156,-0.1876,0.9222,s
-0.0156,-0.1876,0.9378,s
-0.0156,-0.1719,0.9222,s
-0.0156,-0.1876,0.9222,s
-0.0156,-0.1876,0.9378,s
0,-0.1876,0.9222,s
-0.0156,-0.1876,0.9378,s
-0.0144,-0.1876,0.9365,s
0,-0.1876,0.924,s
0,-0.1876,0.9378,s
0,-0.1876,0.9378,s
0,-0.1876,0.9378,s
0,-0.1876,0.9378,s
0,-0.1876,0.9378,s
0,-0.1932,0.9322,s
0,-0.1969,0.9284,s
0,-0.1944,0.9378,s
-0.0075,-0.2032,0.9378,s
-0.0075,-0.2032,0.9378,s
0,-0.2032,0.9378,s
0,-0.1938,0.9378,s
-0.01,-0.1876,0.9378,s
-0.0156,-0.1876,0.9484,s
-0.0044,-0.1876,0.9534,s
0,-0.1994,0.9416,s
0,-0.1907,0.9378,s
0,-0.1876,0.9378,s
0,-0.1876,0.9378,s
0,-0.1876,0.9378,s
0,-0.2032,0.9378,s
0,-0.1876,0.9534,s
0,-0.1876,0.9534,s
0,-0.1876,0.9378,s
0,-0.1719,0.9378,s
0,-0.1876,0.9378,s
0,-0.1876,0.9378,s
0,-0.1719,0.9378,s
0,-0.1876,0.9534,s
-0.0156,-0.1876,0.9534,s
0,-0.1719,0.9534,s
0.0156,-0.1876,0.9534,s
0.0156,-0.1719,0.9534,s
0,-0.1719,0.9534,s
0,-0.1876,0.9534,s
0,-0.1876,0.9534,s
0,-0.1876,0.9534,s
-0.0156,-0.1876,0.9534,s
0,-0.1876,0.9534,s
0,-0.1876,0.9378,s
0,-0.1876,0.9534,s
0,-0.1876,0.9378,s
0,-0.1876,0.9378,s
0,-0.1876,0.9534,s
-0.0156,-0.2032,0.9534,s
0,-0.1876,0.9378,s
0,-0.1876,0.9534,s
0,-0.2032,0.9534,s
0,-0.2032,0.9378,s
-0.0156,-0.2032,0.9378,s
-0.0156,-0.1876,0.9378,s
0,-0.1876,0.9534,s
-0.0156,-0.2032,0.9378,s
0,-0.1876,0.9378,s
0,-0.1876,0.9378,s
0,-0.1876,0.9378,s
0,-0.1876,0.9378,s
0,-0.1876,0.9534,s
0,-0.1876,0.9534,s
-0.0156,-0.1876,0.9534,s
0,-0.2032,0.9534,s
-0.0156,-0.2032,0.9534,s
-0.0156,-0.1876,0.9534,s
0,-0.1876,0.9534,s
0,-0.1876,0.9534,s
-0.0156,-0.1876,0.9378,s
0,-0.1876,0.9378,s
0,-0.1876,0.9378,s
0,-0.1876,0.9534,s
-0.0156,-0.1876,0.9534,s
-0.0156,-0.1876,0.9378,s
-0.0156,-0.1876,0.9378,s
-0.0156,-0.1719,0.9534,s
-0.0156,-0.1719,0.9534,s
-0.0156,-0.1719,0.9534,s
-0.0156,-0.1719,0.9534,s
-0.0156,-0.1719,0.9534,s
-0.0156,-0.1719,0.9534,s
-0.0156,-0.1719,0.9534,s
-0.0156,-0.1719,0.9534,s
-0.0156,-0.1719,0.9534,s
-0.0156,-0.1782,0.9472,s
-0.0156,-0.1726,0.9534,s
-0.0156,-0.1876,0.9428,s
0,-0.1926,0.9428,s
0,-0.1882,0.9384,s
-0.0063,-0.1876,0.9378,s
0,-0.1757,0.9497,s
-0.0138,-0.1876,0.9516,s
0.0081,-0.1876,0.9459,s
0,-0.1876,0.9534,s
-0.0125,-0.1876,0.9534,s
-0.0069,-0.1876,0.9466,s
-0.0013,-0.1876,0.9391,s
-0.0156,-0.1876,0.9534,s
-0.0156,-0.1876,0.9378,s
0,-0.1876,0.9378,s
0,-0.1876,0.9378,s
0,-0.1876,0.9378,s
-0.0156,-0.1876,0.9222,s
-0.0156,-0.1876,0.9222,s
-0.0156,-0.1876,0.9222,s
-0.0156,-0.1876,0.9222,s
-0.0156,-0.1876,0.9378,s
-0.0156,-0.1876,0.9222,s
-0.0156,-0.1876,0.9378,s
0,-0.1876,0.9222,s
0,-0.1876,0.9378,s
0,-0.1876,0.9222,s
0,-0.1876,0.9378,s
-0.0156,-0.1876,0.9378,s
-0.0156,-0.1876,0.9378,s
0,-0.1876,0.9378,s
0,-0.1876,0.9378,s
0,-0.1876,0.9378,s
0,-0.1876,0.9378,s
-0.0156,-0.1876,0.9222,s
0,-0.2032,0.9378,s
0,-0.2032,0.9378,s
0,-0.2032,0.9378,s
0,-0.1876,0.9378,s
0,-0.2032,0.9378,s
0.015,-0.2026,0.9378,s
0,-0.1876,0.9378,s
0,-0.1876,0.9397,s
0,-0.1876,0.9509,s
0,-0.1876,0.9378,s
0,-0.1876,0.9378,s
-0.0044,-0.1876,0.9378,s
-0.0106,-0.1876,0.9428,s
0,-0.1819,0.9534,s
0,-0.1782,0.9472,s
-0.0069,-0.1876,0.9378,s
-0.0156,-0.1876,0.9453,s
-0.0075,-0.1876,0.9453,s
0,-0.1876,0.9378,s
0,-0.1876,0.9378,s
0,-0.1876,0.9478,s
0,-0.1876,0.9428,s
0,-0.1876,0.9491,s
0,-0.1876,0.9416,s
0,-0.1876,0.9378,s
0,-0.1876,0.9378,s
0,-0.2013,0.9378,s
-0.0144,-0.1888,0.9522,s
-0.0156,-0.1876,0.9378,s
-0.0156,-0.1876,0.9534,s
-0.0156,-0.1876,0.9378,s
-0.0156,-0.2032,0.9534,s
-0.0156,-0.2032,0.9378,s
-0.0156,-0.1876,0.9534,s
0,-0.1876,0.9378,s
0,-0.1876,0.9534,s
0,-0.1876,0.9534,s
0,-0.1876,0.9534,s
0,-0.2032,0.9378,s
0,-0.1876,0.9534,s
0,-0.1876,0.9534,s
-0.0156,-0.1876,0.9534,s
0,-0.1876,0.9378,s
0,-0.1876,0.9378,s
0,-0.1876,0.9378,s
0,-0.1876,0.9378,s
0,-0.1876,0.9378,s
0,-0.1876,0.9378,s
0,-0.1876,0.9534,s
0,-0.2032,0.9378,s
0,-0.1876,0.9378,s
0,-0.1876,0.9378,s
0,-0.2032,0.9378,s
0,-0.2032,0.9534,s
0,-0.1876,0.9534,s
0.0006,-0.1882,0.9528,s
0.0144,-0.2032,0.9378,s
0,-0.2032,0.9397,s
0,-0.2007,0.9534,s
0,-0.1876,0.9534,s
0,-0.1876,0.9534,s
-0.0044,-0.1876,0.9534,s
-0.0156,-0.1876,0.9534,s
-0.2188,0.1094,0.9534,l
-0.2188,0.0938,0.9691,l
-0.2345,0.0782,0.9691,l
-0.2657,0.0469,0.9534,l
-0.1876,0.1407,0.9847,l
-0.1563,0.0782,1.0472,l
-0.2032,0.0469,0.9847,l
-0.2657,0.1094,0.9222,l
-0.2032,0.0782,1.0003,l
-0.2345,0.0313,0.9847,l
-0.2345,0.0313,0.9847,l
-0.2345,0.0625,0.9534,l
-0.2345,0.0782,0.9847,l
-0.2345,0.0625,0.9847,l
-0.2188,0.0782,0.9847,l
-0.2345,0.0625,0.9534,l
-0.2501,0.0782,0.9534,l
-0.2501,0.0469,0.9534,l
-0.2032,0.0469,0.9847,l
-0.2188,0.0469,0.9847,l
-0.2345,0.0625,0.9691,l
-0.2188,0.0938,0.9847,l
-0.2188,0.0782,0.9847,l
-0.2188,0.0782,1.0003,l
-0.2188,0.0782,1.0003,l
-0.2038,0.0782,0.9853,l
-0.2176,0.0494,0.9559,l
-0.2326,0.0606,0.9534,l
-0.2082,0.0756,0.9666,l
-0.2032,0.0782,0.9691,l
-0.2032,0.0782,0.9928,l
-0.1582,0.1007,1.0116,l
-0.1726,0.0988,1.016,l
-0.1876,0.0838,1.016,l
-0.2063,0.0688,0.9972,l
-0.2101,0.0713,0.9934,l
-0.2032,0.0782,0.9759,l
-0.1882,0.0782,0.9609,l
-0.1788,0.0713,0.9691,l
-0.1876,0.0688,0.9691,l
-0.1932,0.0782,0.9747,l
-0.1982,0.0731,0.9847,l
-0.1876,0.0669,0.9847,l
-0.1876,0.0819,0.9847,l
-0.1969,0.0875,0.9847,l
-0.2319,0.0575,0.9847,l
-0.2188,0.0313,0.9847,l
-0.2188,0.0338,0.9859,l
-0.2188,0.0625,1.0003,l
-0.2188,0.0625,0.9847,l
-0.2032,0.0625,0.9847,l
-0.2032,0.0782,0.9847,l
-0.1719,0.0625,0.9691,l
-0.1876,0.0469,0.9691,l
-0.2188,0.0469,1.0003,l
-0.1719,0.0313,0.9847,l
-0.2032,0.0625,0.9691,l
-0.1876,0.0469,1.0003,l
-0.2032,0.0782,0.9847,l
-0.2032,0.0469,0.9847,l
-0.2032,0.0156,1.0003,l
-0.2032,0.0625,0.9847,l
-0.1719,0.0782,1.0003,l
-0.1876,0.0625,0.9847,l
-0.1876,0.0782,0.9847,l
-0.1876,0.0625,0.9691,l
-0.2188,0,0.9847,l
-0.2032,0,0.9847,l
-0.1876,0.0313,0.9691,l
-0.1563,0.0782,0.9847,l
-0.1563,0.1094,0.9847,l
-0.2032,0.0625,1.0003,l
-0.1563,0.0625,1.0003,l
-0.1876,0.0782,1.016,l
-0.1876,0.0938,0.9691,l
-0.1876,0.0938,0.9841,l
-0.2163,0.065,0.9703,l
-0.1776,0.0625,1.0103,l
-0.1719,0.0625,0.9766,l
-0.1969,0.075,0.9816,l
-0.2151,0.0663,0.9609,l
-0.1963,0.0738,0.9534,l
-0.1769,0.0675,0.9747,l
-0.1819,0.0425,0.9647,l
-0.1782,0.0594,0.9816,l
-0.1807,0.0694,1.0003,l
-0.1876,0.0625,1.0003,l
-0.1876,0.07,0.9778,l
-0.2082,0.0713,0.9534,l
-0.2407,0.0625,0.9534,l
-0.2332,0.0456,0.9591,l
-0.2032,0.0256,0.9841,l
-0.2119,0.0513,1.016,l
-0.2157,0.055,1.0084,l
-0.1657,0.0313,0.9816,l
-0.1957,0.0288,0.9791,l
-0.1601,0.0138,1.0278,l
-0.1913,0.0025,1.0003,l
-0.2345,0.0313,1.0003,l
-0.2188,0.0625,0.9691,l
-0.1738,0.0625,0.9391,l
-0.1863,0.0769,0.9522,l
-0.1601,0.0369,0.9947,l
-0.1957,0.0575,1.0003,l
-0.1907,0.075,0.9753,l
-0.1876,0.0663,1.0047,l
-0.2101,0.04,0.9934,l
-0.2188,0.0313,0.9741,l
-0.2288,0.0213,0.9591,l
-0.2251,0.0438,0.9722,l
-0.2188,0.0538,0.9759,l
-0.2107,0.055,0.9772,l
-0.2107,0.055,0.9847,l
-0.2188,0.04,0.9778,l
-0.2251,0.0375,0.9753,l
-0.2288,0.0469,0.9734,l
-0.2088,0.0469,0.9684,l
-0.2007,0.0469,0.9959,l
-0.2345,0.0431,0.9922,l
-0.2345,0.0406,1.0097,l
-0.2319,0.0832,0.9872,l
-0.2226,0.1038,0.9928,l
-0.2513,0.0663,0.9403,l
-0.2657,0.1094,0.9691,l
-0.2813,0.0313,1.0003,l
-0.2345,0.0469,1.0003,l
-0.2501,0.0156,0.9534,l
-0.2501,0.0156,0.9378,l
-0.2657,0.0156,0.9534,l
-0.2813,0.0156,0.9691,l
-0.2657,0.0782,0.9691,l
-0.2345,0.0782,0.9691,l
-0.2345,0.0782,0.9534,l
-0.2345,0.0156,0.9691,l
-0.2345,0,1.016,l
-0.2657,-0.0156,1.0003,l
-0.2345,0.0625,0.9847,l
-0.2345,0.1094,0.9534,l
-0.2657,0.0938,0.9222,l
-0.2501,0.0313,0.9534,l
-0.2501,-0.0156,0.9847,l
-0.2032,0,1.0472,l
-0.2188,0.0156,0.9847,l
-0.1719,0.0938,0.9378,l
-0.1094,0.1094,1.0628,l
-0.2032,0.0938,0.9847,l
-0.1719,0.1563,1.0003,l
-0.1876,0.1563,0.9691,l
-0.2345,0.1719,0.9065,l
-0.2501,0.1094,0.8753,l
-0.2951,0.0494,0.9353,l
-0.2682,0.0325,1.0241,l
-0.2107,0.045,1.0453,l
-0.1638,0.0469,1.021,l
-0.1688,0.0719,0.9534,l
-0.1719,0.1019,0.9734,l
-0.1944,0.0756,1.0072,l
-0.2032,0.0306,1.0053,l
-0.1832,0.0456,0.9903,l
-0.2001,0.0531,0.9659,l
-0.2013,0.0469,0.9622,l
-0.1957,0.0388,0.9691,l
-0.1957,0.0313,0.9616,l
-0.1944,0.0313,0.9741,l
-0.1969,0.0313,0.9941,l
-0.1876,0.0425,0.9847,l
-0.1876,0.0575,0.9847,l
-0.1963,0.0469,0.9891,l
-0.2188,0.0506,0.9966,l
-0.2126,0.0656,0.9878,l
-0.1901,0.0731,1.0003,l
-0.2088,0.0394,1.0003,l
-0.2501,-0.0144,0.9966,l
-0.2501,0,0.9534,l
-0.2032,0.0156,0.9534,l
-0.1732,0.0907,0.9834,l
-0.2007,0.0794,0.9703,l
-0.2307,0.0506,0.9828,l
-0.2082,0.0338,0.9584,l
-0.2157,0.0563,0.9784,l
-0.2188,0.0506,0.9847,l
-0.1626,0.0919,0.9959,l
-0.1832,0.0775,0.9791,l
-0.2032,0.0625,0.9791,l
-0.2126,0.0531,0.9566,l
-0.2101,0.0556,0.9816,l
-0.2276,0.0706,0.9834,l
-0.2276,0.0857,0.9534,l
-0.2101,0.08,0.9603,l
-0.2063,0.0563,0.9816,l
-0.1876,0.0581,1.0003,l
-0.1926,0.0681,0.9903,l
-0.1944,0.06,0.9734,l
-0.1794,0.09,0.9847,l
-0.2063,0.0782,0.9878,l
-0.2188,0.0832,0.9953,l
-0.2169,0.1057,0.9653,l
-0.2019,0.0782,0.9403,l
-0.1876,0.0782,0.9691,l
-0.2032,0.0625,0.9847,l
-0.2188,0.0469,0.9691,l
-0.1563,0.125,1.0316,l
-0.2188,0.1094,0.9847,l
-0.1876,0.0313,0.9534,l
-0.1563,0.0782,1.0316,l
-0.2032,0.0469,1.0003,l
-0.1719,0.0625,1.016,l
-0.2032,0.0782,0.9691,l
-0.2032,0.0782,0.9534,l
-0.1876,0.0938,0.9534,l
-0.1876,0.0625,1.016,l
-0.1719,0.0782,1.0003,l
-0.1876,0.0469,0.9847,l
-0.1876,0.0625,0.9378,l
-0.2188,0.0782,0.9691,l
-0.2032,0.0469,0.9847,l
-0.2032,0.0782,1.0003,l
-0.1876,0.0625,0.9534,l
-0.1876,0.0625,0.9847,l
-0.2032,0.0782,0.9691,l
-0.1719,0.0782,1.0003,l
-0.1719,0.0782,1.0003,l
-0.1719,0.0625,1.0003,l
-0.1876,0.0782,0.9691,l
-0.2032,0.0625,1.016,l
-0.2032,0.0775,1.0009,l
-0.2032,0.0782,0.9859,l
-0.2032,0.1057,0.9572,l
-0.2163,0.07,0.9403,l
-0.1938,0.075,0.9753,l
-0.1876,0.09,0.9966,l
-0.1763,0.0938,0.9891,l
-0.1932,0.0725,0.9741,l
-0.1832,0.0625,0.9591,l
-0.1907,0.0719,0.9722,l
-0.2032,0.0694,0.9759,l
-0.1869,0.0625,0.9934,l
-0.1644,0.0625,1.0009,l
-0.1701,0.0694,0.9778,l
-0.1813,0.0719,0.9753,l
-0.1719,0.0738,0.9959,l
-0.1869,0.0788,1.0009,l
-0.2101,0.0513,0.9691,l
-0.1838,0.0588,0.9728,l
-0.1688,0.05,0.9847,l
-0.1588,0.06,0.9822,l
-0.1738,0.0488,0.9691,l
-0.1888,0.0625,0.9691,l
-0.2032,0.0625,0.9691,l
-0.1876,0.0625,0.9691,l
-0.1876,0.0469,0.9691,l
-0.2032,0.0625,0.9847,l
-0.1876,0.0469,0.9691,l
-0.2188,0.0625,0.9691,l
-0.2032,0.0625,0.9691,l
-0.1876,0.0313,0.9847,l
-0.1876,0.0469,0.9847,l
-0.1719,0.0156,0.9847,l
-0.2188,0.0782,0.9691,l
-0.2032,0.0782,0.9691,l
-0.1876,0.0625,0.9847,l
-0.1876,0.0782,0.9534,l
-0.1876,0.0469,1.0003,l
-0.1563,0.0782,0.9847,l
-0.1719,0.0625,0.9691,l
-0.1876,0.0782,0.9847,l
-0.1563,0.0782,1.016,l
-0.1563,0.0469,1.0003,l
-0.1876,0.0782,1.0003,l
-0.1876,0.0625,0.9847,l
-0.1876,0.0782,1.0003,l
-0.1876,0.0469,0.9691,l
-0.1876,0.0469,0.9847,l
-0.1719,0.0782,0.9847,l
-0.1876,0.0625,0.9534,l
-0.1876,0.0775,0.9534,l
-0.1876,0.0638,0.9822,l
-0.1601,0.09,0.9984,l
-0.1563,0.0807,0.9872,l
-0.1563,0.0531,0.9722,l
-0.1682,0.0588,0.9809,l
-0.1832,0.04,0.9622,l
-0.1663,0.0525,0.9747,l
-0.1563,0.0725,0.9947,l
-0.1657,0.05,1.0097,l
-0.1719,0.0488,1.0072,l
-0.1719,0.0544,1.0003,l
-0.1644,0.0619,0.9853,l
-0.1563,0.0782,0.9622,l
-0.1626,0.0907,0.9597,l
-0.155,0.115,0.9578,l
-0.13,0.105,0.9778,l
-0.1407,0.0538,1.0585,l
-0.1444,0.0463,1.036,l
-0.1563,0.0938,1.0003,l
-0.1613,0.0913,1.0003,l
-0.1857,0.08,0.9984,l
-0.1769,0.0975,0.9822,l
-0.2345,0.1407,0.9534,l
-0.2657,0.0938,0.9222,l
-0.2657,0.0638,0.9372,l
-0.2801,0.0769,0.9953,l
-0.2676,0.0919,1.0278,l
-0.292,0.0807,1.0185,l
-0.3095,0.0907,0.9659,l
-0.2888,0.1651,0.9534,l
-0.2588,0.1651,0.9084,l
-0.2607,0.135,0.8909,l
-0.3057,0.115,0.9309,l
-0.3564,0.0719,1.0191,l
-0.3664,0.0731,1.0278,l
-0.3432,0.1425,0.9516,l
-0.3357,0.1876,0.8915,l
-0.3507,0.1669,0.9028,l
-0.347,0.1594,0.9503,l
-0.3282,0.1988,0.9297,l
-0.3332,0.1938,0.8797,l
-0.3526,0.145,0.9353,l
-0.3714,0.1563,0.9391,l
-0.3657,0.1532,0.869,l
-0.3933,0.1507,0.9541,l
-0.4026,0.1994,0.8884,l
-0.3751,0.1757,0.9772,l
-0.3751,0.2188,0.8909,l
-0.4064,0.2345,1.0003,l
-0.4533,0.1876,0.9378,l
-0.6096,0.2188,1.0003,l
-0.422,0.3126,0.8284,l
-0.5471,0.3439,0.844,l
-0.4845,0.3126,0.7971,l
-0.4533,0.3439,0.719,l
-0.4376,0.3126,0.719,l
-0.422,0.3282,0.7034,l
-0.422,0.4064,0.7034,l
-0.4064,0.3439,0.6877,l
-0.5002,0.3282,0.9534,l
-0.5314,0.4845,0.8597,l
-0.4376,0.2813,0.7815,l
-0.422,0.3282,0.8909,l
-0.4533,0.2813,0.9378,l
-0.3908,0.3282,0.7971,l
-0.3595,0.2813,0.9065,l
-0.3439,0.297,0.8909,l
-0.3126,0.3126,0.9378,l
-0.297,0.297,0.9222,l
-0.2501,0.3282,0.8753,l
-0.2813,0.3751,0.9065,l
-0.2657,0.3439,1.0003,l
-0.125,0.3126,0.8597,l
-0.2032,0.3282,0.7502,l
-0.2182,0.3282,0.8853,l
-0.1901,0.2851,0.9628,l
-0.1738,0.3364,0.9553,l
-0.1719,0.3832,0.9272,l
-0.2219,0.3282,0.9347,l
-0.2107,0.3245,0.914,l
-0.2032,0.3282,0.9403,l
-0.2138,0.307,0.9322,l
-0.1888,0.327,0.9522,l
-0.1719,0.3251,0.9503,l
-0.0138,0.4483,0.924,l
-0.025,0.4095,0.9065,l
0.0069,0.3908,0.9178,l
0.0269,0.3807,0.9328,l
-0.0113,0.3901,0.9178,l
0,0.4651,0.9103,l
-0.0031,0.447,0.9159,l
-0.0181,0.427,0.8934,l
-0.0294,0.4495,0.9084,l
-0.0156,0.422,0.9184,l
-0.0156,0.422,0.8753,l
0,0.422,0.9065,l
-0.0156,0.4376,0.8753,l
0,0.4689,0.8909,l
0.0156,0.4064,0.8909,l
0,0.4064,0.9065,l
-0.0156,0.4064,0.9065,l
0,0.3595,0.9222,l
0.0313,0.3282,0.9222,l
0.0156,0.3751,0.9534,l
0,0.3751,0.9222,l
-0.0156,0.4376,0.8909,l
-0.0313,0.422,0.9222,l
0,0.422,0.9378,l
0.0313,0.3595,0.9378,l
0.0156,0.3282,0.9534,l
0,0.3751,0.9378,l
-0.0156,0.422,0.9065,l
-0.0156,0.4064,0.9065,l
0,0.4376,0.8909,l
-0.0156,0.422,0.9378,l
0,0.422,0.9222,l
0,0.3126,0.9222,l
-0.0156,0.3439,0.9847,l
-0.0313,0.4064,0.9534,l
-0.0313,0.422,0.9534,l
-0.0313,0.4376,0.8597,l
-0.0163,0.4076,0.9347,l
-0.0444,0.3345,0.9522,l
-0.0469,0.2732,0.9672,l
-0.1719,0.422,0.8909,l
-0.1563,0.3751,0.8909,l
-0.125,0.3282,1.0003,l
-0.125,0.2657,0.9534,l
-0.1094,0.2813,0.9065,l
-0.125,0.3439,0.9378,l
-0.0938,0.4064,0.9222,l
-0.125,0.4533,0.8909,l
-0.1094,0.4533,0.8597,l
-0.0469,0.4845,0.9065,l
-0.0625,0.4376,0.9222,l
-0.0625,0.3908,0.9534,l
-0.0156,0.3595,0.9378,l
-0.0156,0.3126,0.9222,l
-0.0156,0.3439,0.9534,l
-0.0313,0.3282,0.9065,l
0.0313,0.3751,0.9222,l
0.0313,0.3282,0.9534,l
0.0625,0.297,0.9378,l
0.0313,0.2813,0.9691,l
0.0156,0.2813,0.9691,l
0.0469,0.3439,0.9378,l
0.0313,0.3908,0.9222,l
0.0313,0.4058,0.9372,l
0.0313,0.3632,0.9378,l
0.0313,0.3182,0.9653,l
0.0181,0.2863,0.9297,l
0.0156,0.2438,0.9472,l
0.0156,0.2938,0.9534,l
0.0269,0.3351,0.9534,l
0.0206,0.3439,0.9428,l
0.0256,0.3739,0.9378,l
0.0219,0.3626,0.9566,l
0.0244,0.3176,0.9778,l
0.0313,0.2888,0.9847,l
0.0313,0.2888,0.9547,l
0.0381,0.3038,0.9359,l
0.0406,0.3126,0.9347,l
0.0313,0.3126,0.9178,l
0.0363,0.3126,0.9328,l
0.0338,0.3082,0.9309,l
0.0075,0.297,0.9534,l
0.0313,0.3001,0.9566,l
0.0313,0.3101,0.9666,l
0.0294,0.3007,0.9572,l
0.0144,0.3282,0.9822,l
0,0.3282,0.9534,l
0.0156,0.3751,0.9065,l
0.0313,0.3439,0.9378,l
0.0156,0.3595,0.9378,l
0.0156,0.3439,0.9065,l
0.0156,0.3126,0.9691,l
0.0313,0.3439,0.9691,l
0.0313,0.3439,0.9378,l
0.0156,0.3595,0.9534,l
0,0.3595,0.9222,l
0,0.3439,0.9222,l
0,0.3439,0.9378,l
0,0.3595,0.9378,l
0,0.3751,0.9534,l
-0.0156,0.4376,0.9065,l
-0.0156,0.4064,0.9378,l
-0.0156,0.3908,0.9534,l
0.0156,0.3439,0.9222,l
0,0.3439,0.9534,l
-0.0313,0.3282,0.9222,l
-0.0313,0.3439,0.9534,l
-0.0313,0.3439,0.9222,l
-0.0313,0.3439,0.9534,l
-0.0469,0.3595,0.8909,l
-0.0469,0.3908,0.9065,l
-0.0469,0.3908,0.9378,l
-0.0469,0.3751,0.9378,l
-0.0319,0.4051,0.9678,l
-0.0456,0.3776,0.9403,l
-0.0469,0.3889,0.924,l
-0.0338,0.3645,0.9353,l
-0.0438,0.397,0.9378,l
-0.0588,0.3826,0.9497,l
-0.04,0.3864,0.9422,l
-0.0313,0.3695,0.9591,l
-0.0313,0.3295,0.9591,l
-0.0313,0.3126,0.9628,l
-0.04,0.3126,0.9516,l
-0.0469,0.3289,0.9541,l
-0.0469,0.3289,0.9616,l
-0.0538,0.3264,0.9534,l
-0.0625,0.3439,0.9284,l
-0.0569,0.3551,0.9134,l
-0.0419,0.3651,0.9484,l
-0.0356,0.3439,0.9334,l
-0.0394,0.3514,0.9297,l
-0.0188,0.3689,0.9534,l
-0.0313,0.3464,0.9534,l
-0.0313,0.3576,0.9497,l
-0.0325,0.3426,0.9247,l
-0.0469,0.3282,0.9534,l
0,0.3439,0.9378,l
-0.015,0.3439,0.9528,l
0.0131,0.3295,0.9391,l
-0.0256,0.3282,0.9516,l
-0.005,0.3414,0.9534,l
-0.0125,0.3564,0.9534,l
-0.0038,0.3595,0.9534,l
0.0113,0.3707,0.9534,l
0.0156,0.3751,0.9428,l
0.0156,0.3651,0.9278,l
0.0156,0.3595,0.9315,l
0.0069,0.377,0.929,l
0.0081,0.3745,0.9222,l
0.0156,0.3445,0.9297,l
0.0156,0.3351,0.9447,l
0.0156,0.3439,0.9409,l
0.0213,0.3664,0.9278,l
0.0263,0.4114,0.9278,l
0.02,0.422,0.9065,l
0.0313,0.4183,0.9103,l
0.0281,0.4033,0.9222,l
0.0256,0.3882,0.9222,l
0.0725,0.3732,0.9222,l
0.0313,0.362,0.9222,l
0.0313,0.3908,0.9222,l
0.0313,0.3751,0.9222,l
0.0625,0.3439,0.9534,l
0.0782,0.3439,0.9222,l
0.0938,0.3595,0.9534,l
0.0938,0.3595,0.9065,l
0.0782,0.3595,0.9065,l
0.0782,0.3751,0.9222,l
0.0469,0.3595,0.9065,l
0.1094,0.3595,0.9378,l
0.0782,0.3282,0.9378,l
0.125,0.3751,0.9222,l
0.0938,0.3595,0.9222,l
0.0938,0.3282,0.9534,l
0.1094,0.3282,0.9222,l
0.0625,0.2657,0.9534,l
0.0625,0.2345,0.9378,l
0.0938,0.2345,0.9847,l
0.0782,0.2813,0.9534,l
0.0938,0.297,0.9691,l
0.0625,0.2657,0.9691,l
0.0469,0.2345,0.9534,l
0.0625,0.2345,1.0003,l
0.0469,0.2501,0.9847,l
0.0469,0.2813,1.0003,l
0.0469,0.1719,0.9691,l
0.0469,0.2032,0.9691,l
0.0169,0.1882,1.0141,l
0.0156,0.1732,0.9584,l
-0.0119,0.1444,0.9947,l
0.0106,0.1407,1.0003,l
0.0031,0.1657,1.0003,l
-0.0119,0.1601,1.0003,l
-0.0269,0.145,0.9891,l
-0.0206,0.1194,0.9953,l
-0.0256,0.1294,0.9903,l
-0.0406,0.1125,0.9847,l
-0.0381,0.1288,0.9759,l
-0.0394,0.1482,0.9772,l
-0.0469,0.1332,0.9922,l
-0.0606,0.1113,0.9934,l
-0.0844,0.1063,0.9909,l
-0.0882,0.1194,1.0003,l
-0.0882,0.1044,0.9953,l
-0.105,0.1025,0.9891,l
-0.0975,0.125,1.0003,l
-0.1125,0.1282,0.9972,l
-0.125,0.1407,0.9847,l
-0.125,0.1425,0.9866,l
-0.1263,0.1538,0.9978,l
-0.1407,0.125,0.9691,l
-0.1563,0.1094,0.9691,l
-0.1263,0.0944,0.9991,l
-0.1394,0.0938,1.0147,l
-0.1407,0.0938,1.016,l
-0.1669,0.1332,0.9897,l
-0.1719,0.1282,1.0097,l
-0.1838,0.125,0.9922,l
-0.1876,0.1588,0.9959,l
-0.2088,0.1613,0.9897,l
-0.1988,0.1563,0.9547,l
-0.1876,0.1469,0.9659,l
-0.1876,0.1407,0.9672,l
-0.1876,0.1407,0.9616,l
-0.1801,0.1557,0.9766,l
-0.1788,0.1582,0.9778,l
-0.1813,0.1532,0.9753,l
-0.1663,0.1719,0.9847,l
-0.1613,0.1719,0.9697,l
-0.1719,0.1719,0.9509,l
-0.1719,0.1719,0.9809,l
-0.1751,0.1688,0.9691,l
-0.1801,0.1563,0.9741,l
-0.1407,0.1544,0.9984,l
-0.1419,0.1419,0.9847,l
-0.1563,0.1563,0.9847,l
-0.125,0.1563,1.0003,l
-0.1094,0.1563,0.9691,l
-0.1094,0.1407,0.9691,l
-0.1094,0.1563,1.0003,l
-0.125,0.1563,0.9847,l
-0.0938,0.1407,0.9534,l
-0.0782,0.1407,0.9847,l
-0.0782,0.1407,0.9534,l
-0.0625,0.1563,1.016,l
-0.0938,0.1563,0.9847,l
-0.0782,0.1563,0.9691,l
-0.0782,0.1563,0.9847,l
-0.0625,0.1563,1.016,l
-0.0938,0.1407,0.9691,l
-0.0469,0.1407,1.0003,l
-0.0469,0.1563,1.0003,l
-0.0313,0.1719,1.0003,l
-0.0313,0.1876,1.0003,l
-0.0313,0.1719,1.0003,l
-0.0313,0.1563,0.9847,l
-0.0156,0.2032,1.0003,l
-0.0313,0.2188,0.9847,l
-0.0469,0.1876,0.9847,l
-0.0156,0.2032,0.9847,l
0,0.2032,0.9534,l
0.0156,0.2032,1.0003,l
-0.0144,0.2182,0.9553,l
0.0131,0.2188,0.9822,l
0.0156,0.2188,0.9709,l
0.0025,0.2319,0.9559,l
0.0125,0.247,0.9534,l
0.0394,0.2501,0.9653,l
0.0131,0.2726,0.9466,l
0,0.2601,0.9591,l
0,0.2601,0.9691,l
0,0.2657,0.9784,l
0,0.2482,0.9672,l
-0.0081,0.2751,0.9616,l
-0.0156,0.3051,0.9541,l
-0.0019,0.2763,0.9447,l
0.0156,0.2563,0.9534,l
0.0044,0.2657,0.9534,l
-0.0156,0.2707,0.9534,l
-0.0069,0.2901,0.9578,l
0.0119,0.3126,0.9653,l
0,0.3001,0.9566,l
0,0.2626,0.9666,l
-0.0019,0.3245,0.9516,l
-0.0156,0.2982,0.9391,l
-0.0156,0.3126,0.9534,l
-0.0156,0.2813,0.9534,l
-0.0306,0.2813,0.9684,l
-0.0313,0.3101,0.9691,l
-0.0588,0.3126,0.9416,l
-0.0888,0.3126,0.9378,l
-0.1063,0.3001,0.9378,l
-0.0857,0.297,0.9497,l
-0.0894,0.297,0.9759,l
-0.1257,0.3076,0.9634,l
-0.1307,0.3226,0.9634,l
-0.1532,0.3095,0.9503,l
-0.1719,0.3232,0.9641,l
-0.1963,0.3439,0.9603,l
-0.2188,0.3289,0.9303,l
-0.2326,0.3195,0.929,l
-0.2501,0.3407,0.9315,l
-0.2557,0.3651,0.9165,l
-0.2757,0.3601,0.9215,l
-0.2926,0.3326,0.9359,l
-0.2963,0.3439,0.8909,l
-0.3345,0.3501,0.894,l
-0.3045,0.3726,0.9015,l
-0.342,0.3614,0.8772,l
-0.3282,0.3751,0.8897,l
-0.3282,0.3751,0.8753,l
-0.3282,0.3595,0.9065,l
-0.3126,0.3751,0.8753,l
-0.3282,0.422,0.9065,l
-0.2813,0.4064,0.844,l
-0.2657,0.4064,0.8753,l
-0.2032,0.4064,0.8909,l
-0.1719,0.4064,0.9065,l
-0.1563,0.4376,0.9222,l
-0.1094,0.4376,0.8909,l
-0.0782,0.4376,0.8909,l
-0.0313,0.4533,0.8753,l
-0.0156,0.422,0.8597,l
0.0782,0.4376,0.9065,l
0.0625,0.4533,0.8753,l
0.1094,0.4376,0.8597,l
0.1719,0.4064,0.844,l
0.2032,0.4689,0.844,l
0.2345,0.4376,0.8909,l
0.2657,0.4845,0.8597,l
0.2813,0.4845,0.7971,l
0.2657,0.422,0.7815,l
0.3126,0.4064,0.7971,l
0.3282,0.4064,0.844,l
0.3282,0.422,0.844,l
0.3751,0.4064,0.7971,l
0.3595,0.422,0.844,l
0.3595,0.407,0.859,l
0.3451,0.4208,0.9028,l